run,task,algorithm,file,duration,episode,seed,per_episode_return,episode_length,success_once,success_at_end,terminated,truncated,successful_termination,contract
mbpo_pickcube_20261007T143410_ba2d6827,PickCube-v1,mbpo,/Users/jihyekim/Desktop/DRL/outputs/nominal_tasks/mbpo_pickcube/mbpo_pickcube_full_500k/seed_0/20261007T143410_ba2d6827/videos/step_500000_da255f2b/step_500000_seed_21000.mp4,2.55,1,21000,1.0963963847607374,50,False,False,False,True,False,"{""action_dim"": 4, ""action_dtype"": ""float32"", ""action_high"": [1.0, 1.0, 1.0, 1.0], ""action_low"": [-1.0, -1.0, -1.0, -1.0], ""automatic_reset"": false, ""backend"": ""maniskill"", ""control_mode"": ""pd_ee_delta_pos"", ""env_id"": ""PickCube-v1"", ""horizon"": 50, ""num_envs"": 1, ""obs_mode"": ""state"", ""observation_codec"": {""boolean_fields"": [""extra.is_grasped""], ""boolean_policy"": ""continuous_prediction_without_thresholding"", ""invariant_fields"": [""extra.goal_pos""], ""invariant_policy"": ""learned_delta_with_drift_diagnostic"", ""layout"": {""agent.qpos"": [0, 9], ""agent.qvel"": [9, 18], ""extra.goal_pos"": [26, 29], ""extra.is_grasped"": [18, 19], ""extra.obj_pose"": [29, 36], ""extra.obj_to_goal_pos"": [39, 42], ""extra.tcp_pose"": [19, 26], ""extra.tcp_to_obj_pos"": [36, 39]}, ""quaternion_poses"": [""extra.tcp_pose"", ""extra.obj_pose""], ""relations"": [[""extra.tcp_to_obj_pos"", ""extra.obj_pose"", ""extra.tcp_pose""], [""extra.obj_to_goal_pos"", ""extra.goal_pos"", ""extra.obj_pose""]], ""reward_policy"": ""learned_gaussian_without_clipping"", ""target"": ""aligned_quaternion_delta_v1"", ""version"": ""maniskill_state_v1""}, ""observation_dim"": 42, ""observation_dtype"": ""float32"", ""reward_mode"": ""normalized_dense"", ""robot_uids"": ""panda"", ""sim_backend"": ""cpu"", ""supported_dynamics_shifts"": [], ""termination_policy"": ""terminate_on_success"", ""truncation_policy"": ""bootstrap_from_final_observation"", ""underlying_termination"": ""success_only""}"
sac_pickcube_20261007T124123_37b693e5,PickCube-v1,sac,/Users/jihyekim/Desktop/DRL/outputs/nominal_tasks/sac_pickcube/sac_pickcube_full_500k/seed_0/20261007T124123_37b693e5/videos/step_500000_645ea4eb/step_500000_seed_21000.mp4,0.5,1,21000,3.5315407440066338,9,True,True,True,False,True,"{""action_dim"": 4, ""action_dtype"": ""float32"", ""action_high"": [1.0, 1.0, 1.0, 1.0], ""action_low"": [-1.0, -1.0, -1.0, -1.0], ""automatic_reset"": false, ""backend"": ""maniskill"", ""control_mode"": ""pd_ee_delta_pos"", ""env_id"": ""PickCube-v1"", ""horizon"": 50, ""num_envs"": 1, ""obs_mode"": ""state"", ""observation_codec"": {""boolean_fields"": [""extra.is_grasped""], ""boolean_policy"": ""continuous_prediction_without_thresholding"", ""invariant_fields"": [""extra.goal_pos""], ""invariant_policy"": ""learned_delta_with_drift_diagnostic"", ""layout"": {""agent.qpos"": [0, 9], ""agent.qvel"": [9, 18], ""extra.goal_pos"": [26, 29], ""extra.is_grasped"": [18, 19], ""extra.obj_pose"": [29, 36], ""extra.obj_to_goal_pos"": [39, 42], ""extra.tcp_pose"": [19, 26], ""extra.tcp_to_obj_pos"": [36, 39]}, ""quaternion_poses"": [""extra.tcp_pose"", ""extra.obj_pose""], ""relations"": [[""extra.tcp_to_obj_pos"", ""extra.obj_pose"", ""extra.tcp_pose""], [""extra.obj_to_goal_pos"", ""extra.goal_pos"", ""extra.obj_pose""]], ""reward_policy"": ""learned_gaussian_without_clipping"", ""target"": ""aligned_quaternion_delta_v1"", ""version"": ""maniskill_state_v1""}, ""observation_dim"": 42, ""observation_dtype"": ""float32"", ""reward_mode"": ""normalized_dense"", ""robot_uids"": ""panda"", ""sim_backend"": ""cpu"", ""supported_dynamics_shifts"": [], ""termination_policy"": ""terminate_on_success"", ""truncation_policy"": ""bootstrap_from_final_observation"", ""underlying_termination"": ""success_only""}"
mbpo_pickcube_20261007T143410_ba2d6827,PickCube-v1,mbpo,/Users/jihyekim/Desktop/DRL/outputs/nominal_tasks/mbpo_pickcube/mbpo_pickcube_full_500k/seed_0/20261007T143410_ba2d6827/videos/step_500000_da255f2b/step_500000_seed_21001.mp4,2.55,2,21001,0.9396988195367157,50,False,False,False,True,False,"{""action_dim"": 4, ""action_dtype"": ""float32"", ""action_high"": [1.0, 1.0, 1.0, 1.0], ""action_low"": [-1.0, -1.0, -1.0, -1.0], ""automatic_reset"": false, ""backend"": ""maniskill"", ""control_mode"": ""pd_ee_delta_pos"", ""env_id"": ""PickCube-v1"", ""horizon"": 50, ""num_envs"": 1, ""obs_mode"": ""state"", ""observation_codec"": {""boolean_fields"": [""extra.is_grasped""], ""boolean_policy"": ""continuous_prediction_without_thresholding"", ""invariant_fields"": [""extra.goal_pos""], ""invariant_policy"": ""learned_delta_with_drift_diagnostic"", ""layout"": {""agent.qpos"": [0, 9], ""agent.qvel"": [9, 18], ""extra.goal_pos"": [26, 29], ""extra.is_grasped"": [18, 19], ""extra.obj_pose"": [29, 36], ""extra.obj_to_goal_pos"": [39, 42], ""extra.tcp_pose"": [19, 26], ""extra.tcp_to_obj_pos"": [36, 39]}, ""quaternion_poses"": [""extra.tcp_pose"", ""extra.obj_pose""], ""relations"": [[""extra.tcp_to_obj_pos"", ""extra.obj_pose"", ""extra.tcp_pose""], [""extra.obj_to_goal_pos"", ""extra.goal_pos"", ""extra.obj_pose""]], ""reward_policy"": ""learned_gaussian_without_clipping"", ""target"": ""aligned_quaternion_delta_v1"", ""version"": ""maniskill_state_v1""}, ""observation_dim"": 42, ""observation_dtype"": ""float32"", ""reward_mode"": ""normalized_dense"", ""robot_uids"": ""panda"", ""sim_backend"": ""cpu"", ""supported_dynamics_shifts"": [], ""termination_policy"": ""terminate_on_success"", ""truncation_policy"": ""bootstrap_from_final_observation"", ""underlying_termination"": ""success_only""}"
sac_pickcube_20261007T124123_37b693e5,PickCube-v1,sac,/Users/jihyekim/Desktop/DRL/outputs/nominal_tasks/sac_pickcube/sac_pickcube_full_500k/seed_0/20261007T124123_37b693e5/videos/step_500000_645ea4eb/step_500000_seed_21001.mp4,0.4,2,21001,2.9971141442656517,7,True,True,True,False,True,"{""action_dim"": 4, ""action_dtype"": ""float32"", ""action_high"": [1.0, 1.0, 1.0, 1.0], ""action_low"": [-1.0, -1.0, -1.0, -1.0], ""automatic_reset"": false, ""backend"": ""maniskill"", ""control_mode"": ""pd_ee_delta_pos"", ""env_id"": ""PickCube-v1"", ""horizon"": 50, ""num_envs"": 1, ""obs_mode"": ""state"", ""observation_codec"": {""boolean_fields"": [""extra.is_grasped""], ""boolean_policy"": ""continuous_prediction_without_thresholding"", ""invariant_fields"": [""extra.goal_pos""], ""invariant_policy"": ""learned_delta_with_drift_diagnostic"", ""layout"": {""agent.qpos"": [0, 9], ""agent.qvel"": [9, 18], ""extra.goal_pos"": [26, 29], ""extra.is_grasped"": [18, 19], ""extra.obj_pose"": [29, 36], ""extra.obj_to_goal_pos"": [39, 42], ""extra.tcp_pose"": [19, 26], ""extra.tcp_to_obj_pos"": [36, 39]}, ""quaternion_poses"": [""extra.tcp_pose"", ""extra.obj_pose""], ""relations"": [[""extra.tcp_to_obj_pos"", ""extra.obj_pose"", ""extra.tcp_pose""], [""extra.obj_to_goal_pos"", ""extra.goal_pos"", ""extra.obj_pose""]], ""reward_policy"": ""learned_gaussian_without_clipping"", ""target"": ""aligned_quaternion_delta_v1"", ""version"": ""maniskill_state_v1""}, ""observation_dim"": 42, ""observation_dtype"": ""float32"", ""reward_mode"": ""normalized_dense"", ""robot_uids"": ""panda"", ""sim_backend"": ""cpu"", ""supported_dynamics_shifts"": [], ""termination_policy"": ""terminate_on_success"", ""truncation_policy"": ""bootstrap_from_final_observation"", ""underlying_termination"": ""success_only""}"
mbpo_pushcube_500k_20261007T094728_f9d45348,PushCube-v1,mbpo,/Users/jihyekim/Desktop/DRL/outputs/nominal_tasks/mbpo_pushcube_500k/mbpo_pushcube_full_500k/seed_0/20261007T094728_f9d45348/videos/step_500000_82804638/step_500000_seed_21000.mp4,0.35,1,21000,1.8500620871782303,6,True,True,True,False,True,"{""action_dim"": 4, ""action_dtype"": ""float32"", ""action_high"": [1.0, 1.0, 1.0, 1.0], ""action_low"": [-1.0, -1.0, -1.0, -1.0], ""automatic_reset"": false, ""backend"": ""maniskill"", ""control_mode"": ""pd_ee_delta_pos"", ""env_id"": ""PushCube-v1"", ""horizon"": 50, ""num_envs"": 1, ""obs_mode"": ""state"", ""observation_dim"": 35, ""observation_dtype"": ""float32"", ""reward_mode"": ""normalized_dense"", ""robot_uids"": ""panda"", ""sim_backend"": ""cpu"", ""termination_policy"": ""terminate_on_success"", ""truncation_policy"": ""bootstrap_from_final_observation""}"
mbpo_pushcube_500k_20261007T094728_f9d45348,PushCube-v1,mbpo,/Users/jihyekim/Desktop/DRL/outputs/nominal_tasks/mbpo_pushcube_500k/mbpo_pushcube_full_500k/seed_0/20261007T094728_f9d45348/videos/step_500000_82804638/step_500000_seed_21001.mp4,0.3,2,21001,1.6785183995962143,5,True,True,True,False,True,"{""action_dim"": 4, ""action_dtype"": ""float32"", ""action_high"": [1.0, 1.0, 1.0, 1.0], ""action_low"": [-1.0, -1.0, -1.0, -1.0], ""automatic_reset"": false, ""backend"": ""maniskill"", ""control_mode"": ""pd_ee_delta_pos"", ""env_id"": ""PushCube-v1"", ""horizon"": 50, ""num_envs"": 1, ""obs_mode"": ""state"", ""observation_dim"": 35, ""observation_dtype"": ""float32"", ""reward_mode"": ""normalized_dense"", ""robot_uids"": ""panda"", ""sim_backend"": ""cpu"", ""termination_policy"": ""terminate_on_success"", ""truncation_policy"": ""bootstrap_from_final_observation""}"
mbpo_stackcube_20261007T182651_ab48dfc3,StackCube-v1,mbpo,/Users/jihyekim/Desktop/DRL/outputs/nominal_tasks/mbpo_stackcube/mbpo_stackcube_full_500k/seed_0/20261007T182651_ab48dfc3/videos/step_500000_392ab32a/step_500000_seed_21000.mp4,2.55,1,21000,34.92425498366356,50,False,False,False,True,False,"{""action_dim"": 4, ""action_dtype"": ""float32"", ""action_high"": [1.0, 1.0, 1.0, 1.0], ""action_low"": [-1.0, -1.0, -1.0, -1.0], ""automatic_reset"": false, ""backend"": ""maniskill"", ""control_mode"": ""pd_ee_delta_pos"", ""env_id"": ""StackCube-v1"", ""horizon"": 50, ""num_envs"": 1, ""obs_mode"": ""state"", ""observation_codec"": {""boolean_fields"": [], ""boolean_policy"": ""continuous_prediction_without_thresholding"", ""invariant_fields"": [], ""invariant_policy"": ""learned_delta_with_drift_diagnostic"", ""layout"": {""agent.qpos"": [0, 9], ""agent.qvel"": [9, 18], ""extra.cubeA_pose"": [25, 32], ""extra.cubeA_to_cubeB_pos"": [45, 48], ""extra.cubeB_pose"": [32, 39], ""extra.tcp_pose"": [18, 25], ""extra.tcp_to_cubeA_pos"": [39, 42], ""extra.tcp_to_cubeB_pos"": [42, 45]}, ""quaternion_poses"": [""extra.tcp_pose"", ""extra.cubeA_pose"", ""extra.cubeB_pose""], ""relations"": [[""extra.tcp_to_cubeA_pos"", ""extra.cubeA_pose"", ""extra.tcp_pose""], [""extra.tcp_to_cubeB_pos"", ""extra.cubeB_pose"", ""extra.tcp_pose""], [""extra.cubeA_to_cubeB_pos"", ""extra.cubeB_pose"", ""extra.cubeA_pose""]], ""reward_policy"": ""learned_gaussian_without_clipping"", ""target"": ""aligned_quaternion_delta_v1"", ""version"": ""maniskill_state_v1""}, ""observation_dim"": 48, ""observation_dtype"": ""float32"", ""reward_mode"": ""normalized_dense"", ""robot_uids"": ""panda"", ""sim_backend"": ""cpu"", ""supported_dynamics_shifts"": [], ""termination_policy"": ""terminate_on_success"", ""truncation_policy"": ""bootstrap_from_final_observation"", ""underlying_termination"": ""success_only""}"
sac_stackcube_20261007T163640_e814ffc5,StackCube-v1,sac,/Users/jihyekim/Desktop/DRL/outputs/nominal_tasks/sac_stackcube/sac_stackcube_full_500k/seed_0/20261007T163640_e814ffc5/videos/step_500000_f2e2d75d/step_500000_seed_21000.mp4,1.15,1,21000,14.309704095125198,22,True,True,True,False,True,"{""action_dim"": 4, ""action_dtype"": ""float32"", ""action_high"": [1.0, 1.0, 1.0, 1.0], ""action_low"": [-1.0, -1.0, -1.0, -1.0], ""automatic_reset"": false, ""backend"": ""maniskill"", ""control_mode"": ""pd_ee_delta_pos"", ""env_id"": ""StackCube-v1"", ""horizon"": 50, ""num_envs"": 1, ""obs_mode"": ""state"", ""observation_codec"": {""boolean_fields"": [], ""boolean_policy"": ""continuous_prediction_without_thresholding"", ""invariant_fields"": [], ""invariant_policy"": ""learned_delta_with_drift_diagnostic"", ""layout"": {""agent.qpos"": [0, 9], ""agent.qvel"": [9, 18], ""extra.cubeA_pose"": [25, 32], ""extra.cubeA_to_cubeB_pos"": [45, 48], ""extra.cubeB_pose"": [32, 39], ""extra.tcp_pose"": [18, 25], ""extra.tcp_to_cubeA_pos"": [39, 42], ""extra.tcp_to_cubeB_pos"": [42, 45]}, ""quaternion_poses"": [""extra.tcp_pose"", ""extra.cubeA_pose"", ""extra.cubeB_pose""], ""relations"": [[""extra.tcp_to_cubeA_pos"", ""extra.cubeA_pose"", ""extra.tcp_pose""], [""extra.tcp_to_cubeB_pos"", ""extra.cubeB_pose"", ""extra.tcp_pose""], [""extra.cubeA_to_cubeB_pos"", ""extra.cubeB_pose"", ""extra.cubeA_pose""]], ""reward_policy"": ""learned_gaussian_without_clipping"", ""target"": ""aligned_quaternion_delta_v1"", ""version"": ""maniskill_state_v1""}, ""observation_dim"": 48, ""observation_dtype"": ""float32"", ""reward_mode"": ""normalized_dense"", ""robot_uids"": ""panda"", ""sim_backend"": ""cpu"", ""supported_dynamics_shifts"": [], ""termination_policy"": ""terminate_on_success"", ""truncation_policy"": ""bootstrap_from_final_observation"", ""underlying_termination"": ""success_only""}"
mbpo_stackcube_20261007T182651_ab48dfc3,StackCube-v1,mbpo,/Users/jihyekim/Desktop/DRL/outputs/nominal_tasks/mbpo_stackcube/mbpo_stackcube_full_500k/seed_0/20261007T182651_ab48dfc3/videos/step_500000_392ab32a/step_500000_seed_21001.mp4,2.55,2,21001,35.42043727636337,50,False,False,False,True,False,"{""action_dim"": 4, ""action_dtype"": ""float32"", ""action_high"": [1.0, 1.0, 1.0, 1.0], ""action_low"": [-1.0, -1.0, -1.0, -1.0], ""automatic_reset"": false, ""backend"": ""maniskill"", ""control_mode"": ""pd_ee_delta_pos"", ""env_id"": ""StackCube-v1"", ""horizon"": 50, ""num_envs"": 1, ""obs_mode"": ""state"", ""observation_codec"": {""boolean_fields"": [], ""boolean_policy"": ""continuous_prediction_without_thresholding"", ""invariant_fields"": [], ""invariant_policy"": ""learned_delta_with_drift_diagnostic"", ""layout"": {""agent.qpos"": [0, 9], ""agent.qvel"": [9, 18], ""extra.cubeA_pose"": [25, 32], ""extra.cubeA_to_cubeB_pos"": [45, 48], ""extra.cubeB_pose"": [32, 39], ""extra.tcp_pose"": [18, 25], ""extra.tcp_to_cubeA_pos"": [39, 42], ""extra.tcp_to_cubeB_pos"": [42, 45]}, ""quaternion_poses"": [""extra.tcp_pose"", ""extra.cubeA_pose"", ""extra.cubeB_pose""], ""relations"": [[""extra.tcp_to_cubeA_pos"", ""extra.cubeA_pose"", ""extra.tcp_pose""], [""extra.tcp_to_cubeB_pos"", ""extra.cubeB_pose"", ""extra.tcp_pose""], [""extra.cubeA_to_cubeB_pos"", ""extra.cubeB_pose"", ""extra.cubeA_pose""]], ""reward_policy"": ""learned_gaussian_without_clipping"", ""target"": ""aligned_quaternion_delta_v1"", ""version"": ""maniskill_state_v1""}, ""observation_dim"": 48, ""observation_dtype"": ""float32"", ""reward_mode"": ""normalized_dense"", ""robot_uids"": ""panda"", ""sim_backend"": ""cpu"", ""supported_dynamics_shifts"": [], ""termination_policy"": ""terminate_on_success"", ""truncation_policy"": ""bootstrap_from_final_observation"", ""underlying_termination"": ""success_only""}"
sac_stackcube_20261007T163640_e814ffc5,StackCube-v1,sac,/Users/jihyekim/Desktop/DRL/outputs/nominal_tasks/sac_stackcube/sac_stackcube_full_500k/seed_0/20261007T163640_e814ffc5/videos/step_500000_f2e2d75d/step_500000_seed_21001.mp4,2.55,2,21001,37.5034094452858,50,False,False,False,True,False,"{""action_dim"": 4, ""action_dtype"": ""float32"", ""action_high"": [1.0, 1.0, 1.0, 1.0], ""action_low"": [-1.0, -1.0, -1.0, -1.0], ""automatic_reset"": false, ""backend"": ""maniskill"", ""control_mode"": ""pd_ee_delta_pos"", ""env_id"": ""StackCube-v1"", ""horizon"": 50, ""num_envs"": 1, ""obs_mode"": ""state"", ""observation_codec"": {""boolean_fields"": [], ""boolean_policy"": ""continuous_prediction_without_thresholding"", ""invariant_fields"": [], ""invariant_policy"": ""learned_delta_with_drift_diagnostic"", ""layout"": {""agent.qpos"": [0, 9], ""agent.qvel"": [9, 18], ""extra.cubeA_pose"": [25, 32], ""extra.cubeA_to_cubeB_pos"": [45, 48], ""extra.cubeB_pose"": [32, 39], ""extra.tcp_pose"": [18, 25], ""extra.tcp_to_cubeA_pos"": [39, 42], ""extra.tcp_to_cubeB_pos"": [42, 45]}, ""quaternion_poses"": [""extra.tcp_pose"", ""extra.cubeA_pose"", ""extra.cubeB_pose""], ""relations"": [[""extra.tcp_to_cubeA_pos"", ""extra.cubeA_pose"", ""extra.tcp_pose""], [""extra.tcp_to_cubeB_pos"", ""extra.cubeB_pose"", ""extra.tcp_pose""], [""extra.cubeA_to_cubeB_pos"", ""extra.cubeB_pose"", ""extra.cubeA_pose""]], ""reward_policy"": ""learned_gaussian_without_clipping"", ""target"": ""aligned_quaternion_delta_v1"", ""version"": ""maniskill_state_v1""}, ""observation_dim"": 48, ""observation_dtype"": ""float32"", ""reward_mode"": ""normalized_dense"", ""robot_uids"": ""panda"", ""sim_backend"": ""cpu"", ""supported_dynamics_shifts"": [], ""termination_policy"": ""terminate_on_success"", ""truncation_policy"": ""bootstrap_from_final_observation"", ""underlying_termination"": ""success_only""}"
