run,task,algorithm,checkpoint,member,elite,field,value,normalized_field,normalized_abs_max,normalized_mean_reward,physical_mean_reward,reward_noise_std,coverage
mbpo_pickcube_20261007T143410_ba2d6827,PickCube-v1,mbpo,step_50016_model.pt,0,True,extra.is_grasped,0.0,0.0,6.210221290588379,-1.1858971118927002,0.010643001645803452,0.00589809799566865,counterfactual fixed probe/action; physical consistency NOT established; not past rollout
mbpo_pickcube_20261007T143410_ba2d6827,PickCube-v1,mbpo,step_50016_model.pt,0,True,extra.is_grasped,1.0,1000000.0,1000000.0,-0.021660834550857544,0.04743437096476555,0.02196747437119484,counterfactual fixed probe/action; physical consistency NOT established; not past rollout
mbpo_pickcube_20261007T143410_ba2d6827,PickCube-v1,mbpo,step_50016_model.pt,1,True,extra.is_grasped,0.0,0.0,6.210221290588379,-0.8483485579490662,0.021309971809387207,0.009795394726097584,counterfactual fixed probe/action; physical consistency NOT established; not past rollout
mbpo_pickcube_20261007T143410_ba2d6827,PickCube-v1,mbpo,step_50016_model.pt,1,True,extra.is_grasped,1.0,1000000.0,1000000.0,1667.5477294921875,52.744781494140625,0.040577422827482224,counterfactual fixed probe/action; physical consistency NOT established; not past rollout
mbpo_pickcube_20261007T143410_ba2d6827,PickCube-v1,mbpo,step_50016_model.pt,2,False,extra.is_grasped,0.0,0.0,6.210221290588379,-1.1405340433120728,0.01207653433084488,0.008845053613185883,counterfactual fixed probe/action; physical consistency NOT established; not past rollout
mbpo_pickcube_20261007T143410_ba2d6827,PickCube-v1,mbpo,step_50016_model.pt,2,False,extra.is_grasped,1.0,1000000.0,1000000.0,160.78077697753906,5.12899923324585,0.040577422827482224,counterfactual fixed probe/action; physical consistency NOT established; not past rollout
mbpo_pickcube_20261007T143410_ba2d6827,PickCube-v1,mbpo,final_model.pt,0,True,extra.is_grasped,0.0,0.0,1.8108655214309692,0.5676559209823608,0.06605754047632217,0.040577422827482224,counterfactual fixed probe/action; physical consistency NOT established; not past rollout
mbpo_pickcube_20261007T143410_ba2d6827,PickCube-v1,mbpo,final_model.pt,0,True,extra.is_grasped,1.0,1000000.0,1000000.0,-0.22867494821548462,0.04089245945215225,0.04057682305574417,counterfactual fixed probe/action; physical consistency NOT established; not past rollout
mbpo_pickcube_20261007T143410_ba2d6827,PickCube-v1,mbpo,final_model.pt,1,False,extra.is_grasped,0.0,0.0,1.8108655214309692,0.6804251670837402,0.06962119787931442,0.040577422827482224,counterfactual fixed probe/action; physical consistency NOT established; not past rollout
mbpo_pickcube_20261007T143410_ba2d6827,PickCube-v1,mbpo,final_model.pt,1,False,extra.is_grasped,1.0,1000000.0,1000000.0,0.08648961782455444,0.05085206404328346,0.04025968909263611,counterfactual fixed probe/action; physical consistency NOT established; not past rollout
mbpo_pickcube_20261007T143410_ba2d6827,PickCube-v1,mbpo,final_model.pt,2,True,extra.is_grasped,0.0,0.0,1.8108655214309692,0.12298598885536194,0.05200539901852608,0.040577422827482224,counterfactual fixed probe/action; physical consistency NOT established; not past rollout
mbpo_pickcube_20261007T143410_ba2d6827,PickCube-v1,mbpo,final_model.pt,2,True,extra.is_grasped,1.0,1000000.0,1000000.0,-0.44615328311920166,0.03401986137032509,0.0405578650534153,counterfactual fixed probe/action; physical consistency NOT established; not past rollout
