run,task,algorithm,kind,metric,step,update,event,refit,value,peak_step,peak_value,last_step,count,window_start,members,train_nll,holdout_nll,elites,maximum,elite_mean_min,elite_mean_max,last_retained_refit_step,fully_evicted_step
mbpo_pickcube_20261007T143410_ba2d6827,PickCube-v1,mbpo,policy_threshold_window,critic_loss,18176,7094,7711,8,121784.328125,18176,121784.328125,19968,8,10000,,,,,,,,,
mbpo_pickcube_20261007T143410_ba2d6827,PickCube-v1,mbpo,policy_threshold_window,critic_loss,20032,8022,8703,9,37835.44921875,28352,32283368.0,29984,152,20000,,,,,,,,,
mbpo_pickcube_20261007T143410_ba2d6827,PickCube-v1,mbpo,policy_threshold_window,critic_loss,30048,13029,14054,14,50489.953125,31712,20844452.0,39968,135,30000,,,,,,,,,
mbpo_pickcube_20261007T143410_ba2d6827,PickCube-v1,mbpo,policy_threshold_window,critic_loss,40096,18056,19427,19,4480218.0,44128,28208020.0,49952,64,40000,,,,,,,,,
mbpo_pickcube_20261007T143410_ba2d6827,PickCube-v1,mbpo,policy_threshold_window,critic_loss,50080,23051,24771,24,13305956.0,59616,54680504.0,59616,58,50000,,,,,,,,,
mbpo_pickcube_20261007T143410_ba2d6827,PickCube-v1,mbpo,policy_threshold_window,critic_loss,60544,28277,30355,29,36249.37890625,66816,80637040.0,69824,64,60000,,,,,,,,,
mbpo_pickcube_20261007T143410_ba2d6827,PickCube-v1,mbpo,policy_threshold_window,critic_loss,70752,33389,35818,34,62936.1484375,70752,62936.1484375,79456,19,70000,,,,,,,,,
mbpo_pickcube_20261007T143410_ba2d6827,PickCube-v1,mbpo,policy_threshold_window,critic_loss,80320,38164,40923,39,12796.265625,80416,13031.595703125,80672,4,80000,,,,,,,,,
mbpo_pickcube_20261007T143410_ba2d6827,PickCube-v1,mbpo,policy_threshold_window,critic_loss,252288,124157,132851,125,11364.376953125,259840,159832.71875,259968,78,250000,,,,,,,,,
mbpo_pickcube_20261007T143410_ba2d6827,PickCube-v1,mbpo,policy_threshold_window,critic_loss,260032,128019,136980,129,29836.19921875,269696,5473209.0,269984,1868,260000,,,,,,,,,
mbpo_pickcube_20261007T143410_ba2d6827,PickCube-v1,mbpo,policy_threshold_window,critic_loss,270016,133009,142313,134,11977.09765625,278720,28337800.0,280000,4934,270000,,,,,,,,,
mbpo_pickcube_20261007T143410_ba2d6827,PickCube-v1,mbpo,policy_threshold_window,policy_q_min_mean,270432,133219,142537,134,-105.30769348144531,279584,-288.848388671875,280000,2410,270000,,,,,,,,,
mbpo_pickcube_20261007T143410_ba2d6827,PickCube-v1,mbpo,policy_threshold_window,critic_loss,280032,138017,147666,139,150955.296875,285760,38494452.0,289984,4992,280000,,,,,,,,,
mbpo_pickcube_20261007T143410_ba2d6827,PickCube-v1,mbpo,policy_threshold_window,policy_q_min_mean,280032,138017,147666,139,-160.0731201171875,288192,-323.5321960449219,289984,4992,280000,,,,,,,,,
mbpo_pickcube_20261007T143410_ba2d6827,PickCube-v1,mbpo,policy_threshold_window,critic_loss,290016,143009,153001,144,500410.875,297472,142988304.0,300000,5008,290000,,,,,,,,,
mbpo_pickcube_20261007T143410_ba2d6827,PickCube-v1,mbpo,policy_threshold_window,policy_q_min_mean,290016,143009,153001,144,-198.64012145996094,299872,-569.1141357421875,300000,5008,290000,,,,,,,,,
mbpo_pickcube_20261007T143410_ba2d6827,PickCube-v1,mbpo,policy_threshold_window,critic_loss,300032,148017,158359,149,9236264.0,307424,158540352.0,309984,4992,300000,,,,,,,,,
mbpo_pickcube_20261007T143410_ba2d6827,PickCube-v1,mbpo,policy_threshold_window,policy_q_min_mean,300032,148017,158359,149,-319.3916015625,308320,-627.197021484375,309984,4992,300000,,,,,,,,,
mbpo_pickcube_20261007T143410_ba2d6827,PickCube-v1,mbpo,policy_threshold_window,critic_loss,310016,153009,163694,154,2513287.0,313920,293615104.0,320000,5008,310000,,,,,,,,,
mbpo_pickcube_20261007T143410_ba2d6827,PickCube-v1,mbpo,policy_threshold_window,policy_q_min_mean,310016,153009,163694,154,-474.33807373046875,316672,-750.0360107421875,320000,5008,310000,,,,,,,,,
mbpo_pickcube_20261007T143410_ba2d6827,PickCube-v1,mbpo,policy_threshold_window,critic_loss,320032,158017,169047,159,16540577.0,320768,206938576.0,329984,4992,320000,,,,,,,,,
mbpo_pickcube_20261007T143410_ba2d6827,PickCube-v1,mbpo,policy_threshold_window,policy_q_min_mean,320032,158017,169047,159,-453.5516052246094,320192,-523.8001098632812,329984,4992,320000,,,,,,,,,
mbpo_pickcube_20261007T143410_ba2d6827,PickCube-v1,mbpo,policy_threshold_window,critic_loss,330016,163009,174382,164,336901.28125,339264,405926656.0,340000,5008,330000,,,,,,,,,
mbpo_pickcube_20261007T143410_ba2d6827,PickCube-v1,mbpo,policy_threshold_window,policy_q_min_mean,330016,163009,174382,164,-301.0501403808594,338976,-877.0947265625,340000,5008,330000,,,,,,,,,
mbpo_pickcube_20261007T143410_ba2d6827,PickCube-v1,mbpo,policy_threshold_window,critic_loss,340032,168017,179734,169,2062924.375,340608,387295520.0,349984,4992,340000,,,,,,,,,
mbpo_pickcube_20261007T143410_ba2d6827,PickCube-v1,mbpo,policy_threshold_window,policy_q_min_mean,340032,168017,179734,169,-555.0726928710938,348128,-1002.3270263671875,349984,4992,340000,,,,,,,,,
mbpo_pickcube_20261007T143410_ba2d6827,PickCube-v1,mbpo,policy_threshold_window,critic_loss,350016,173009,185069,174,8390918.0,351232,170157728.0,360000,5008,350000,,,,,,,,,
mbpo_pickcube_20261007T143410_ba2d6827,PickCube-v1,mbpo,policy_threshold_window,policy_q_min_mean,350016,173009,185069,174,-447.2979431152344,356672,-916.5030517578125,360000,5008,350000,,,,,,,,,
mbpo_pickcube_20261007T143410_ba2d6827,PickCube-v1,mbpo,policy_threshold_window,critic_loss,360032,178017,190428,179,59387896.0,362336,162183808.0,369984,4992,360000,,,,,,,,,
mbpo_pickcube_20261007T143410_ba2d6827,PickCube-v1,mbpo,policy_threshold_window,policy_q_min_mean,360032,178017,190428,179,-609.588134765625,362560,-791.7788696289062,369984,4992,360000,,,,,,,,,
mbpo_pickcube_20261007T143410_ba2d6827,PickCube-v1,mbpo,policy_threshold_window,critic_loss,370016,183009,195763,184,6621074.0,377760,108857400.0,380000,5008,370000,,,,,,,,,
mbpo_pickcube_20261007T143410_ba2d6827,PickCube-v1,mbpo,policy_threshold_window,policy_q_min_mean,370016,183009,195763,184,-314.08984375,370304,-594.7705078125,380000,5000,370000,,,,,,,,,
mbpo_pickcube_20261007T143410_ba2d6827,PickCube-v1,mbpo,policy_threshold_window,critic_loss,380032,188017,201115,189,1058094.375,386144,163394272.0,389984,4992,380000,,,,,,,,,
mbpo_pickcube_20261007T143410_ba2d6827,PickCube-v1,mbpo,policy_threshold_window,policy_q_min_mean,380032,188017,201115,189,-279.75811767578125,389408,-664.2720947265625,389984,4988,380000,,,,,,,,,
mbpo_pickcube_20261007T143410_ba2d6827,PickCube-v1,mbpo,policy_threshold_window,critic_loss,390016,193009,206450,194,858319.4375,396480,153621776.0,400000,5008,390000,,,,,,,,,
mbpo_pickcube_20261007T143410_ba2d6827,PickCube-v1,mbpo,policy_threshold_window,policy_q_min_mean,390016,193009,206450,194,-366.04156494140625,390784,-619.0179443359375,400000,5008,390000,,,,,,,,,
mbpo_pickcube_20261007T143410_ba2d6827,PickCube-v1,mbpo,policy_threshold_window,critic_loss,400032,198017,211809,199,1378196.0,408000,75414848.0,409984,4992,400000,,,,,,,,,
mbpo_pickcube_20261007T143410_ba2d6827,PickCube-v1,mbpo,policy_threshold_window,policy_q_min_mean,400032,198017,211809,199,-349.9504699707031,400160,-516.857421875,409984,4985,400000,,,,,,,,,
mbpo_pickcube_20261007T143410_ba2d6827,PickCube-v1,mbpo,policy_threshold_window,critic_loss,410016,203009,217144,204,161060.03125,419904,179522384.0,420000,5008,410000,,,,,,,,,
mbpo_pickcube_20261007T143410_ba2d6827,PickCube-v1,mbpo,policy_threshold_window,policy_q_min_mean,410016,203009,217144,204,-218.7611541748047,410528,-453.69488525390625,420000,4902,410000,,,,,,,,,
mbpo_pickcube_20261007T143410_ba2d6827,PickCube-v1,mbpo,policy_threshold_window,critic_loss,420032,208017,222496,209,601684.8125,423424,309430816.0,429984,4992,420000,,,,,,,,,
mbpo_pickcube_20261007T143410_ba2d6827,PickCube-v1,mbpo,policy_threshold_window,policy_q_min_mean,420032,208017,222496,209,-174.145263671875,423296,-495.0802917480469,429984,4693,420000,,,,,,,,,
mbpo_pickcube_20261007T143410_ba2d6827,PickCube-v1,mbpo,policy_threshold_window,critic_loss,430016,213009,227831,214,76085.5390625,438688,1784750080.0,440000,5008,430000,,,,,,,,,
mbpo_pickcube_20261007T143410_ba2d6827,PickCube-v1,mbpo,policy_threshold_window,policy_q_min_mean,430016,213009,227831,214,-121.96356201171875,439136,-838.2763671875,440000,4720,430000,,,,,,,,,
mbpo_pickcube_20261007T143410_ba2d6827,PickCube-v1,mbpo,policy_threshold_window,critic_loss,440032,218017,233184,219,482412.28125,449216,2363163136.0,449984,4992,440000,,,,,,,,,
mbpo_pickcube_20261007T143410_ba2d6827,PickCube-v1,mbpo,policy_threshold_window,policy_q_min_mean,440032,218017,233184,219,-251.03933715820312,442496,-768.0369262695312,449984,4672,440000,,,,,,,,,
mbpo_pickcube_20261007T143410_ba2d6827,PickCube-v1,mbpo,policy_threshold_window,critic_loss,450016,223009,238519,224,1435152.0,457024,12019179520.0,460000,5008,450000,,,,,,,,,
mbpo_pickcube_20261007T143410_ba2d6827,PickCube-v1,mbpo,policy_threshold_window,policy_q_min_mean,450016,223009,238519,224,-249.23629760742188,458752,-1553.6920166015625,460000,4651,450000,,,,,,,,,
mbpo_pickcube_20261007T143410_ba2d6827,PickCube-v1,mbpo,policy_threshold_window,critic_loss,460032,228017,243877,229,4943194.0,468928,27640291328.0,469984,4992,460000,,,,,,,,,
mbpo_pickcube_20261007T143410_ba2d6827,PickCube-v1,mbpo,policy_threshold_window,policy_q_min_mean,460032,228017,243877,229,-856.7070922851562,469792,-6560.7529296875,469984,4992,460000,,,,,,,,,
mbpo_pickcube_20261007T143410_ba2d6827,PickCube-v1,mbpo,policy_threshold_window,alpha,467136,231582,247684,232,10.001142501831055,469984,13.160118103027344,469984,1427,460000,,,,,,,,,
mbpo_pickcube_20261007T143410_ba2d6827,PickCube-v1,mbpo,policy_threshold_window,critic_loss,470016,233009,249212,234,122230296.0,478144,85790162944.0,480000,5008,470000,,,,,,,,,
mbpo_pickcube_20261007T143410_ba2d6827,PickCube-v1,mbpo,policy_threshold_window,policy_q_min_mean,470016,233009,249212,234,-4178.6083984375,479744,-13945.58984375,480000,5008,470000,,,,,,,,,
mbpo_pickcube_20261007T143410_ba2d6827,PickCube-v1,mbpo,policy_threshold_window,alpha,470016,233009,249212,234,13.16096305847168,480000,29.713891983032227,480000,5008,470000,,,,,,,,,
mbpo_pickcube_20261007T143410_ba2d6827,PickCube-v1,mbpo,policy_threshold_window,critic_loss,480032,238017,254565,239,358025344.0,487776,97084784640.0,489984,4992,480000,,,,,,,,,
mbpo_pickcube_20261007T143410_ba2d6827,PickCube-v1,mbpo,policy_threshold_window,policy_q_min_mean,480032,238017,254565,239,-6660.865234375,485792,-20038.6015625,489984,4992,480000,,,,,,,,,
mbpo_pickcube_20261007T143410_ba2d6827,PickCube-v1,mbpo,policy_threshold_window,alpha,480032,238017,254565,239,29.72377586364746,489984,47.827880859375,489984,4992,480000,,,,,,,,,
mbpo_pickcube_20261007T143410_ba2d6827,PickCube-v1,mbpo,policy_threshold_window,critic_loss,490016,243009,259900,244,33365850112.0,494560,116379779072.0,500000,5008,490000,,,,,,,,,
mbpo_pickcube_20261007T143410_ba2d6827,PickCube-v1,mbpo,policy_threshold_window,policy_q_min_mean,490016,243009,259900,244,-12094.171875,493184,-18837.34375,500000,5008,490000,,,,,,,,,
mbpo_pickcube_20261007T143410_ba2d6827,PickCube-v1,mbpo,policy_threshold_window,alpha,490016,243009,259900,244,47.843563079833984,495712,70.37761688232422,500000,5008,490000,,,,,,,,,
mbpo_pickcube_20261007T143410_ba2d6827,PickCube-v1,mbpo,fit_start_restored,,16000,,6542,7,,,,,,,"[True, True, True]","[887174235.7627094, 634378298.979782, 2760766035.514204]","[-0.481771577835083, -0.6362723722457886, -0.4303978042602539]","[1, 0]",,,,,
mbpo_pickcube_20261007T143410_ba2d6827,PickCube-v1,mbpo,generation_reward_extreme,,18016,,7619,8,-326.5211486816406,,,,,,,,,"[1, 0]",0.18401925265789032,-326.6146240234375,0.12115098536014557,66016,68000
mbpo_pickcube_20261007T143410_ba2d6827,PickCube-v1,mbpo,fit_start_restored,,18016,,7619,8,,,,,,,"[True, True, True]","[32582037692.845432, 1065301.1062915195, 32388907654.641533]","[18125371.411910895, 287015.85087588785, 67678434.34635398]","[1, 0]",,,,,
mbpo_pickcube_20261007T143410_ba2d6827,PickCube-v1,mbpo,generation_reward_extreme,,20000,,8679,9,-3204.9658203125,,,,,,,,,"[2, 1]",0.20224863290786743,-3204.909423828125,0.147897869348526,68000,70016
mbpo_pickcube_20261007T143410_ba2d6827,PickCube-v1,mbpo,fit_start_restored,,24000,,10817,11,,,,,,,"[False, True, True]","[1041453441.0129138, 2273685762.070786, 2882043830.418592]","[-0.7324943413734436, -0.6474915208816528, -0.7054189758300782]","[0, 2]",,,,,
mbpo_pickcube_20261007T143410_ba2d6827,PickCube-v1,mbpo,fit_start_restored,,30016,,14031,14,,,,,,,"[False, False, True]","[31110543016.142544, 2022148.6376622592, 14341255826.31266]","[0.413394033908844, 1.2869514598846437, 0.5076730546951294]","[0, 2]",,,,,
mbpo_pickcube_20261007T143410_ba2d6827,PickCube-v1,mbpo,fit_start_restored,,32000,,15092,15,,,,,,,"[False, False, True]","[2732.6197098520993, 53.04682194763422, 82.03200141716003]","[3541072.956372096, 3520013.5631541107, 3520635.818320421]","[1, 2]",,,,,
mbpo_pickcube_20261007T143410_ba2d6827,PickCube-v1,mbpo,generation_reward_extreme,,34016,,16169,16,-0.15245939791202545,,,,,,,,,"[2, 1]",57.26387405395508,-0.11135957390069962,57.2780876159668,82016,84000
mbpo_pickcube_20261007T143410_ba2d6827,PickCube-v1,mbpo,fit_start_restored,,36000,,17229,17,,,,,,,"[True, False, False]","[1771239.2363035744, 1763355.9428473609, 3485993.5310311634]","[0.9311281838417054, 0.9494975876808166, 1.7043109130859375]","[0, 1]",,,,,
mbpo_pickcube_20261007T143410_ba2d6827,PickCube-v1,mbpo,fit_start_restored,,40000,,19367,19,,,,,,,"[False, True, False]","[4536591.626886695, 892295.638319194, 876004.1632718887]","[0.8339332387149334, 3419.9866615276337, 173.05711884880066]","[0, 2]",,,,,
mbpo_pickcube_20261007T143410_ba2d6827,PickCube-v1,mbpo,fit_start_restored,,42016,,20444,20,,,,,,,"[True, False, False]","[5418154.854872335, 1852356.065653932, 1758803.3785713178]","[1.2849713780879974, 1.4264312037825584, 2.024461400270462]","[0, 1]",,,,,
mbpo_pickcube_20261007T143410_ba2d6827,PickCube-v1,mbpo,fit_start_restored,,52000,,25785,25,,,,,,,"[False, True, False]","[2558851.7159261154, 877906.9451949258, 32015840543.33683]","[0.8300112924575805, 1.039338150024414, 1.0670887899398804]","[0, 1]",,,,,
mbpo_pickcube_20261007T143410_ba2d6827,PickCube-v1,mbpo,generation_reward_extreme,,54016,,26862,26,-5.194215297698975,,,,,,,,,"[0, 2]",0.17377066612243652,-5.194145202636719,0.12141413986682892,102016,104000
mbpo_pickcube_20261007T143410_ba2d6827,PickCube-v1,mbpo,fit_start_restored,,54016,,26862,26,,,,,,,"[True, False, False]","[1.1363764083385468, 1.1136044721603393, 1.4369200992584228]","[1.068305178642273, 1.2235114498138429, 1.2181553020477296]","[0, 2]",,,,,
mbpo_pickcube_20261007T143410_ba2d6827,PickCube-v1,mbpo,fit_start_restored,,56000,,27923,27,,,,,,,"[True, True, True]","[881796.4683337421, 882316.0779881873, 882556.2653078999]","[0.9463840438127518, 1.0892765600681305, 1.2007135751247406]","[0, 1]",,,,,
mbpo_pickcube_20261007T143410_ba2d6827,PickCube-v1,mbpo,fit_start_restored,,58016,,29000,28,,,,,,,"[False, True, True]","[881555.5097773283, 882312.0359137246, 882580.8006418591]","[1.9107573776245117, 2631.2536747210024, 4083.5726628130674]","[0, 1]",,,,,
mbpo_pickcube_20261007T143410_ba2d6827,PickCube-v1,mbpo,fit_start_restored,,60000,,30060,29,,,,,,,"[False, False, True]","[881558.39255912, 886883.3139503932, 883599.9365174619]","[0.943724491596222, 1.0849659309387207, 1.1240209307670592]","[0, 1]",,,,,
mbpo_pickcube_20261007T143410_ba2d6827,PickCube-v1,mbpo,fit_start_restored,,66016,,33275,32,,,,,,,"[True, False, False]","[2575718.551664278, 16610693.20428138, 938318.1189707784]","[1.1422407970428468, 1.257077335357666, 1.237946572303772]","[0, 2]",,,,,
mbpo_pickcube_20261007T143410_ba2d6827,PickCube-v1,mbpo,fit_start_restored,,70016,,35412,34,,,,,,,"[False, True, True]","[881992.4658772711, 888791.2957856385, 881571.566374137]","[1.0055725452899933, 1.1059987430572509, 1.1294140739440919]","[0, 1]",,,,,
mbpo_pickcube_20261007T143410_ba2d6827,PickCube-v1,mbpo,fit_start_restored,,72000,,36473,35,,,,,,,"[True, True, False]","[2611581.423284236, 16465952.814378679, 873978.990772296]","[0.7456797323226929, 0.8037820472717285, 0.8480644073486329]","[0, 1]",,,,,
mbpo_pickcube_20261007T143410_ba2d6827,PickCube-v1,mbpo,fit_start_restored,,74016,,37550,36,,,,,,,"[False, False, True]","[0.9543851712346076, 1.1586177268326283, 434.99430782926083]","[2.026118790626526, 1.9186295117139816, 1.992320580624044]","[1, 2]",,,,,
mbpo_pickcube_20261007T143410_ba2d6827,PickCube-v1,mbpo,fit_start_restored,,76000,,38610,37,,,,,,,"[True, True, True]","[881569.339727029, 10269573.306817956, 883156.0294707709]","[0.7382395417690277, 0.7890761886835098, 868.5638436473608]","[0, 1]",,,,,
mbpo_pickcube_20261007T143410_ba2d6827,PickCube-v1,mbpo,fit_start_restored,,78016,,39687,38,,,,,,,"[True, True, False]","[1.090997177734971, 1.3637343110386282, 2.422955216884613]","[0.5599664257764816, 0.7944122159481048, 6.48453999376297]","[0, 1]",,,,,
mbpo_pickcube_20261007T143410_ba2d6827,PickCube-v1,mbpo,fit_start_restored,,82016,,41825,40,,,,,,,"[False, True, True]","[0.5390082279443741, 1.676309137582779, 2351.149076626062]","[1.2460470352172852, 1.3411343425512314, 1.3609597778320313]","[0, 1]",,,,,
mbpo_pickcube_20261007T143410_ba2d6827,PickCube-v1,mbpo,fit_start_restored,,86016,,43962,42,,,,,,,"[True, True, True]","[882462.2706880128, 882611.9404747894, 881550.764949219]","[1.5808484196662902, 1.5461729106903077, 6.818767004013061]","[1, 0]",,,,,
mbpo_pickcube_20261007T143410_ba2d6827,PickCube-v1,mbpo,fit_start_restored,,94016,,48237,46,,,,,,,"[True, False, True]","[881601.5310736322, 934717.7570342047, 881552.6173919874]","[1.2285580816268922, 1.1690960853099823, 1.2278529357910157]","[1, 2]",,,,,
mbpo_pickcube_20261007T143410_ba2d6827,PickCube-v1,mbpo,fit_start_restored,,100000,,51435,49,,,,,,,"[True, False, False]","[936493.7478389697, 3758220.9002021756, 1055474.8062326552]","[0.5516950941085815, 0.5707379999160767, 0.7231275291442871]","[0, 1]",,,,,
mbpo_pickcube_20261007T143410_ba2d6827,PickCube-v1,mbpo,fit_start_restored,,102016,,52518,50,,,,,,,"[True, False, True]","[1818054.5150324488, 3415996.375435298, 1937028.03863243]","[0.5822014274001122, 0.5359490115344524, 0.6769958766698837]","[1, 0]",,,,,
mbpo_pickcube_20261007T143410_ba2d6827,PickCube-v1,mbpo,fit_start_restored,,104000,,53579,51,,,,,,,"[False, True, True]","[2699569.1807683073, 4535171.798921934, 2818624.6747149266]","[0.8301553845405578, 0.7787012989521027, 0.9160069916248321]","[1, 0]",,,,,
mbpo_pickcube_20261007T143410_ba2d6827,PickCube-v1,mbpo,fit_start_restored,,106016,,54656,52,,,,,,,"[False, True, False]","[0.882204859463498, 0.977949056148529, 0.9525317733287811]","[0.5421515347957611, 0.5228723335266113, 0.6220922031998635]","[1, 0]",,,,,
mbpo_pickcube_20261007T143410_ba2d6827,PickCube-v1,mbpo,fit_start_restored,,108000,,55716,53,,,,,,,"[True, False, False]","[1.1290698680877687, 1.2255887919664383, 1.0912827211618423]","[0.7013546085357666, 0.5133235740661621, 0.5632042966932058]","[1, 2]",,,,,
mbpo_pickcube_20261007T143410_ba2d6827,PickCube-v1,mbpo,fit_start_restored,,110016,,56793,54,,,,,,,"[True, False, True]","[1.2895797789096832, 1.0627309741973876, 1.2027655391693115]","[0.4840194706916809, 0.5172609643936157, 0.5263882784843444]","[0, 1]",,,,,
mbpo_pickcube_20261007T143410_ba2d6827,PickCube-v1,mbpo,fit_start_restored,,116000,,59991,57,,,,,,,"[True, True, False]","[3534258.6970532862, 3895471.8282170203, 3703901.8662139797]","[1.0362534354925155, 1.2449732270240783, 1.036299515724182]","[0, 2]",,,,,
mbpo_pickcube_20261007T143410_ba2d6827,PickCube-v1,mbpo,fit_start_restored,,118016,,61068,58,,,,,,,"[True, False, True]","[2647355.5220838394, 2751669.4773781546, 2703893.3531129975]","[1.3889264068603515, 1.6601113166809083, 1.4276317949295043]","[0, 2]",,,,,
mbpo_pickcube_20261007T143410_ba2d6827,PickCube-v1,mbpo,fit_start_restored,,120000,,62129,59,,,,,,,"[True, True, True]","[2650027.3782109977, 2858643.248766209, 2763120.326984119]","[0.9762439975738525, 1.0546556510925293, 0.9888620567321778]","[0, 2]",,,,,
mbpo_pickcube_20261007T143410_ba2d6827,PickCube-v1,mbpo,fit_start_restored,,122016,,63206,60,,,,,,,"[True, False, True]","[1768466.8780314694, 1904864.750650392, 1881561.9370209898]","[3526243.504757558, 3526234.9243067303, 3526237.4239909914]","[1, 2]",,,,,
mbpo_pickcube_20261007T143410_ba2d6827,PickCube-v1,mbpo,fit_start_restored,,126016,,65343,62,,,,,,,"[False, True, True]","[1763089.589501892, 1763093.0793963175, 1763107.238155238]","[1.7083871097564698, 1.970635654449463, 1.7397311782836915]","[0, 2]",,,,,
mbpo_pickcube_20261007T143410_ba2d6827,PickCube-v1,mbpo,fit_start_restored,,130016,,67481,64,,,,,,,"[True, False, True]","[882387.4515780429, 885606.4871065979, 937828.9138361702]","[3526075.522210266, 3525630.341288269, 3526000.18148259]","[1, 2]",,,,,
mbpo_pickcube_20261007T143410_ba2d6827,PickCube-v1,mbpo,fit_start_restored,,132000,,68541,65,,,,,,,"[False, False, True]","[1763029.5205802603, 1763004.5375242129, 1763078.082061596]","[2.3937023525238037, 3.0092199306488037, 2.388301073074341]","[2, 0]",,,,,
mbpo_pickcube_20261007T143410_ba2d6827,PickCube-v1,mbpo,fit_start_restored,,138016,,71756,68,,,,,,,"[False, True, True]","[3527584.1085214997, 3534307.199490692, 3531931.769808909]","[3.7808884620666503, 3.039244312286377, 2.4647768573760986]","[2, 1]",,,,,
mbpo_pickcube_20261007T143410_ba2d6827,PickCube-v1,mbpo,fit_start_restored,,144000,,74954,71,,,,,,,"[True, True, True]","[3526209.5394631373, 3539779.015165474, 3526212.1787667237]","[1.9871878447532654, 3.187301654815674, 2.256181743621826]","[0, 2]",,,,,
mbpo_pickcube_20261007T143410_ba2d6827,PickCube-v1,mbpo,fit_start_restored,,146016,,76031,72,,,,,,,"[True, True, True]","[881575.1043187947, 881767.9745763569, 881822.1340307045]","[3526226.9299877835, 3527635.721287247, 3526206.954353165]","[2, 0]",,,,,
mbpo_pickcube_20261007T143410_ba2d6827,PickCube-v1,mbpo,fit_start_restored,,148000,,77091,73,,,,,,,"[True, True, True]","[7052467.6325888755, 7096690.751031408, 7052673.5842719665]","[2.990044324874878, 4.043679582595825, 3.333914789199829]","[0, 2]",,,,,
mbpo_pickcube_20261007T143410_ba2d6827,PickCube-v1,mbpo,fit_start_restored,,156000,,81372,77,,,,,,,"[True, False, False]","[3526139.6576690674, 3525851.5971918334, 3525830.241107132]","[3526187.883858778, 3526147.48033522, 3526170.6426442107]","[1, 2]",,,,,
mbpo_pickcube_20261007T143410_ba2d6827,PickCube-v1,mbpo,fit_start_restored,,158016,,82449,78,,,,,,,"[False, True, True]","[3526133.0443569687, 3526068.749371052, 3526087.3893424263]","[3526208.2430401593, 3526227.8167400435, 3526254.607159096]","[0, 1]",,,,,
mbpo_pickcube_20261007T143410_ba2d6827,PickCube-v1,mbpo,fit_start_restored,,166016,,86724,82,,,,,,,"[True, True, False]","[11459501.963156166, 11459619.761236275, 11459530.993522331]","[14103693.188278198, 14103877.060177857, 14104009.252131714]","[0, 1]",,,,,
mbpo_pickcube_20261007T143410_ba2d6827,PickCube-v1,mbpo,fit_start_restored,,168000,,87785,83,,,,,,,"[True, False, False]","[10577543.745310295, 10576277.095645081, 10576722.785335999]","[10577673.974998292, 10577298.579804199, 10576925.327736327]","[2, 1]",,,,,
mbpo_pickcube_20261007T143410_ba2d6827,PickCube-v1,mbpo,fit_start_restored,,170016,,88862,84,,,,,,,"[True, True, True]","[8814987.865291625, 8814187.575567566, 8814905.226149414]","[7051034.346768539, 7051183.961873748, 7051620.17640567]","[0, 1]",,,,,
mbpo_pickcube_20261007T143410_ba2d6827,PickCube-v1,mbpo,fit_start_restored,,172000,,89922,85,,,,,,,"[False, True, True]","[13221313.827239983, 13221221.566499207, 13221453.33322383]","[21156480.9805531, 21155869.670422606, 21154985.800981935]","[2, 1]",,,,,
mbpo_pickcube_20261007T143410_ba2d6827,PickCube-v1,mbpo,fit_start_restored,,174016,,90999,86,,,,,,,"[False, True, True]","[7050370.010151383, 7051501.571573898, 7051475.841002808]","[7051052.311904037, 7051679.681845383, 7051300.417377137]","[0, 2]",,,,,
mbpo_pickcube_20261007T143410_ba2d6827,PickCube-v1,mbpo,fit_start_restored,,176000,,92060,87,,,,,,,"[False, True, False]","[14102456.778224029, 14102520.442964356, 14101715.907574523]","[17628927.990590576, 17629244.18260736, 17628102.73252397]","[2, 0]",,,,,
mbpo_pickcube_20261007T143410_ba2d6827,PickCube-v1,mbpo,fit_start_restored,,178016,,93137,88,,,,,,,"[False, True, False]","[15864042.253345413, 15865077.0613768, 15861860.11675241]","[28203171.64715625, 28205911.659960207, 28202259.446512695]","[2, 0]",,,,,
mbpo_pickcube_20261007T143410_ba2d6827,PickCube-v1,mbpo,fit_start_restored,,180000,,94197,89,,,,,,,"[True, False, True]","[22036288.5716315, 22037191.57967797, 22035273.045480195]","[3525103.845263016, 3525880.415744713, 3525317.318149475]","[0, 2]",,,,,
mbpo_pickcube_20261007T143410_ba2d6827,PickCube-v1,mbpo,fit_start_restored,,182016,,95274,90,,,,,,,"[True, True, True]","[11458823.850144897, 11459436.810876679, 11458289.056694213]","[28205105.05088608, 28206801.126608957, 28202813.550645858]","[2, 0]",,,,,
mbpo_pickcube_20261007T143410_ba2d6827,PickCube-v1,mbpo,fit_start_restored,,184000,,96335,91,,,,,,,"[False, False, True]","[23797901.1715094, 23799227.82745006, 23798922.420360826]","[17628245.609569944, 17629173.76100644, 17627837.77955792]","[2, 0]",,,,,
mbpo_pickcube_20261007T143410_ba2d6827,PickCube-v1,mbpo,fit_start_restored,,192000,,100610,95,,,,,,,"[False, False, True]","[30845432.455637205, 30844992.104203064, 30846100.67979849]","[35255555.68537384, 35254709.66681635, 35253811.75104038]","[2, 1]",,,,,
mbpo_pickcube_20261007T143410_ba2d6827,PickCube-v1,mbpo,fit_start_restored,,194016,,101687,96,,,,,,,"[True, True, True]","[20271109.717674408, 20270439.492585875, 20270278.23305899]","[38779001.23450244, 38776807.04558914, 38777110.548357025]","[1, 2]",,,,,
mbpo_pickcube_20261007T143410_ba2d6827,PickCube-v1,mbpo,fit_start_restored,,196000,,102747,97,,,,,,,"[False, False, True]","[29963905.99116359, 29964783.28072937, 29966237.66581946]","[49358952.83214014, 49359918.297760256, 49356315.43111963]","[2, 0]",,,,,
mbpo_pickcube_20261007T143410_ba2d6827,PickCube-v1,mbpo,fit_start_restored,,200000,,104885,99,,,,,,,"[True, False, True]","[38777285.80140344, 38771745.86113525, 38773935.5450332]","[52867239.648, 52861575.648, 52865011.392]","[1, 2]",,,,,
mbpo_pickcube_20261007T143410_ba2d6827,PickCube-v1,mbpo,fit_start_restored,,202016,,105968,100,,,,,,,"[False, True, False]","[44026741.215476565, 44060540.87729285, 44055183.08267163]","[49294286.906541996, 49342473.27198474, 49338234.131895386]","[0, 2]",,,,,
mbpo_pickcube_20261007T143410_ba2d6827,PickCube-v1,mbpo,fit_start_restored,,204000,,107028,101,,,,,,,"[True, True, True]","[42269133.2283877, 42299809.47409094, 42297080.981356815]","[38726531.56884375, 38762562.272288084, 38761408.154423825]","[0, 2]",,,,,
mbpo_pickcube_20261007T143410_ba2d6827,PickCube-v1,mbpo,fit_start_restored,,206016,,108105,102,,,,,,,"[True, False, False]","[44028673.76291113, 44051520.70996264, 44047395.03693945]","[45805568.34409375, 45822065.5078457, 45816005.442257814]","[0, 2]",,,,,
mbpo_pickcube_20261007T143410_ba2d6827,PickCube-v1,mbpo,fit_start_restored,,212000,,111303,105,,,,,,,"[False, True, False]","[46636696.13838867, 46667131.97888769, 46650885.57591699]","[35201354.50325, 35219819.73959375, 35211194.0505]","[0, 2]",,,,,
mbpo_pickcube_20261007T143410_ba2d6827,PickCube-v1,mbpo,fit_start_restored,,214016,,112380,106,,,,,,,"[True, False, False]","[43991801.43660547, 43993463.19702734, 44001972.60688574]","[38711246.7148125, 38719900.37321875, 38715274.6706875]","[0, 2]",,,,,
mbpo_pickcube_20261007T143410_ba2d6827,PickCube-v1,mbpo,fit_start_restored,,220000,,115578,109,,,,,,,"[True, False, False]","[48295422.45421875, 48274649.15803125, 48324092.38007812]","[42162965.12, 42160801.152, 42181216.064]","[1, 0]",,,,,
mbpo_pickcube_20261007T143410_ba2d6827,PickCube-v1,mbpo,fit_start_restored,,224000,,117716,111,,,,,,,"[True, True, False]","[41267124.79534375, 41253547.85509375, 41226702.10940625]","[56208333.7905, 56195367.51225, 56161351.52275]","[2, 1]",,,,,
mbpo_pickcube_20261007T143410_ba2d6827,PickCube-v1,mbpo,fit_start_restored,,226016,,118793,112,,,,,,,"[True, False, False]","[56184061.126125, 56150905.557125, 56109728.282875]","[52735892.096, 52713740.288, 52683990.4]","[2, 1]",,,,,
mbpo_pickcube_20261007T143410_ba2d6827,PickCube-v1,mbpo,generation_reward_extreme,,228000,,119853,113,-1.083182454109192,,,,,,,,,"[2, 1]",0.4430200159549713,-1.131017804145813,0.6518988609313965,276000,278016
mbpo_pickcube_20261007T143410_ba2d6827,PickCube-v1,mbpo,fit_start_restored,,228000,,119853,113,,,,,,,"[True, False, False]","[63243272.02175, 63182826.21625, 63169855.23325]","[59772307.302, 59724836.3335, 59720689.812]","[2, 1]",,,,,
mbpo_pickcube_20261007T143410_ba2d6827,PickCube-v1,mbpo,fit_start_restored,,238016,,125205,118,,,,,,,"[False, False, True]","[65709158.007, 65630364.06775, 65656972.609]","[84187319.04, 84106660.352, 84136958.08]","[1, 2]",,,,,
mbpo_pickcube_20261007T143410_ba2d6827,PickCube-v1,mbpo,generation_reward_extreme,,242016,,127343,120,-1.057218074798584,,,,,,,,,"[1, 2]",0.3720754384994507,-0.9883350729942322,0.46284833550453186,290016,292000
mbpo_pickcube_20261007T143410_ba2d6827,PickCube-v1,mbpo,fit_start_restored,,242016,,127343,120,,,,,,,"[True, True, True]","[61329968.5370625, 61256229.8496875, 61325775.6859375]","[63062433.056, 63019095.424, 63051044.416]","[1, 2]",,,,,
mbpo_pickcube_20261007T143410_ba2d6827,PickCube-v1,mbpo,fit_start_restored,,248000,,130541,123,,,,,,,"[True, False, False]","[68196889.899, 68072025.897375, 68179245.19175]","[52563689.568, 52625996.264, 52592214.695]","[0, 2]",,,,,
mbpo_pickcube_20261007T143410_ba2d6827,PickCube-v1,mbpo,fit_start_restored,,252000,,132684,125,,,,,,,"[True, False, True]","[59369649.20125, 59310171.6275, 59391722.317875]","[45501164.074, 45409896.712, 45476151.451]","[1, 2]",,,,,
mbpo_pickcube_20261007T143410_ba2d6827,PickCube-v1,mbpo,fit_start_restored,,254016,,133761,126,,,,,,,"[True, False, False]","[71787875.11, 71728330.6915, 71777096.094]","[76657564.416, 76633515.034, 76706110.589]","[1, 0]",,,,,
mbpo_pickcube_20261007T143410_ba2d6827,PickCube-v1,mbpo,fit_start_restored,,256000,,134822,127,,,,,,,"[True, True, True]","[52542046.1905, 52485674.1215, 52517773.17325]","[59468831.584, 59330276.409, 59438834.043]","[1, 2]",,,,,
mbpo_pickcube_20261007T143410_ba2d6827,PickCube-v1,mbpo,fit_start_restored,,258016,,135899,128,,,,,,,"[True, False, False]","[62077705.198375, 61918732.21375, 62041505.32]","[66397469.96575, 66316765.01275, 66415294.46775]","[1, 0]",,,,,
mbpo_pickcube_20261007T143410_ba2d6827,PickCube-v1,mbpo,fit_start_restored,,264000,,139097,131,,,,,,,"[True, False, False]","[57596553.2605, 57485691.256, 57625518.1955]","[38519975.104, 38462358.176, 38524372.448]","[1, 0]",,,,,
mbpo_pickcube_20261007T143410_ba2d6827,PickCube-v1,mbpo,fit_start_restored,,266016,,140174,132,,,,,,,"[False, True, False]","[58445123.857625, 58323807.421625, 58378386.460125]","[52401297.33, 52382953.398, 52406293.763]","[1, 0]",,,,,
mbpo_pickcube_20261007T143410_ba2d6827,PickCube-v1,mbpo,fit_start_restored,,270016,,142311,134,,,,,,,"[True, True, True]","[48962474.543, 48858698.3815, 48927785.0625]","[42033742.858, 42030177.112, 42071334.078]","[1, 0]",,,,,
mbpo_pickcube_20261007T143410_ba2d6827,PickCube-v1,mbpo,fit_start_restored,,272000,,143372,135,,,,,,,"[True, True, False]","[73425402.3555, 73277023.217, 73385293.9715]","[52345534.976, 52251927.808, 52367391.936]","[1, 0]",,,,,
mbpo_pickcube_20261007T143410_ba2d6827,PickCube-v1,mbpo,fit_start_restored,,274016,,144449,136,,,,,,,"[True, False, True]","[67338164.88775, 67221739.23225, 67334718.750375]","[76769226.016, 76510769.728, 76714188.832]","[1, 2]",,,,,
mbpo_pickcube_20261007T143410_ba2d6827,PickCube-v1,mbpo,fit_start_restored,,276000,,145509,137,,,,,,,"[True, True, True]","[56014174.351, 55874620.741, 55952354.361]","[62714042.272, 62535970.496, 62762577.696]","[1, 0]",,,,,
mbpo_pickcube_20261007T143410_ba2d6827,PickCube-v1,mbpo,fit_start_restored,,278016,,146586,138,,,,,,,"[False, False, True]","[73333553.404375, 73096496.32375, 73320448.8550625]","[52952303.666, 52983199.664, 52896463.124]","[2, 0]",,,,,
mbpo_pickcube_20261007T143410_ba2d6827,PickCube-v1,mbpo,fit_start_restored,,280000,,147647,139,,,,,,,"[False, True, True]","[59441613.1305, 59340580.1515, 59430922.4165]","[56004762.436, 55903761.204, 55901682.804]","[2, 1]",,,,,
mbpo_pickcube_20261007T143410_ba2d6827,PickCube-v1,mbpo,fit_start_restored,,282016,,148724,140,,,,,,,"[False, False, True]","[56663428.2735, 56521860.415, 56666331.876]","[35018522.001875, 34980204.67475, 34933990.5655]","[2, 1]",,,,,
mbpo_pickcube_20261007T143410_ba2d6827,PickCube-v1,mbpo,generation_reward_extreme,,286016,,150861,142,-1.1194623708724976,,,,,,,,,"[1, 2]",0.5200835466384888,-1.115322470664978,0.5275680422782898,334016,336000
mbpo_pickcube_20261007T143410_ba2d6827,PickCube-v1,mbpo,fit_start_restored,,286016,,150861,142,,,,,,,"[True, True, True]","[57850643.1019375, 57778006.7539375, 57806937.6290625]","[76532305.088, 76211576.384, 76301733.76]","[1, 2]",,,,,
mbpo_pickcube_20261007T143410_ba2d6827,PickCube-v1,mbpo,fit_start_restored,,288000,,151922,143,,,,,,,"[False, False, True]","[53210996.2965, 53020671.913, 53155287.3425]","[38229632.742375, 38193269.505, 38210031.31025]","[1, 2]",,,,,
mbpo_pickcube_20261007T143410_ba2d6827,PickCube-v1,mbpo,fit_start_restored,,290016,,152999,144,,,,,,,"[True, True, True]","[46381405.86225, 46201408.1305, 46226702.7785]","[66113425.392, 65926319.452, 65987097.596]","[1, 2]",,,,,
mbpo_pickcube_20261007T143410_ba2d6827,PickCube-v1,mbpo,fit_start_restored,,296000,,156197,147,,,,,,,"[False, True, True]","[55039192.63075, 54922588.7805, 54990051.6285]","[66542262.0, 66411630.368, 66425712.96]","[1, 2]",,,,,
mbpo_pickcube_20261007T143410_ba2d6827,PickCube-v1,mbpo,fit_start_restored,,298016,,157274,148,,,,,,,"[False, True, False]","[56698628.1039375, 56568899.6691875, 56655069.0186875]","[62852756.896, 62675640.512, 62770758.656]","[1, 2]",,,,,
mbpo_pickcube_20261007T143410_ba2d6827,PickCube-v1,mbpo,fit_start_restored,,300000,,158334,149,,,,,,,"[True, True, False]","[56746433.12075, 56636031.874375, 56680206.622875]","[38273206.45525, 38201763.79175, 38240687.434625]","[1, 2]",,,,,
mbpo_pickcube_20261007T143410_ba2d6827,PickCube-v1,mbpo,fit_start_restored,,302016,,159417,150,,,,,,,"[True, False, True]","[61085975.2245, 60950874.518, 60977259.91]","[20905541.425, 20805081.1675, 20829399.927875]","[1, 2]",,,,,
mbpo_pickcube_20261007T143410_ba2d6827,PickCube-v1,mbpo,fit_start_restored,,304000,,160478,151,,,,,,,"[True, False, True]","[53322857.803, 53187072.0635, 53248744.33]","[48750566.556, 48627125.606, 48680715.784]","[1, 2]",,,,,
mbpo_pickcube_20261007T143410_ba2d6827,PickCube-v1,mbpo,fit_start_restored,,308000,,162615,153,,,,,,,"[True, True, True]","[42804415.79475, 42718173.7665, 42741778.591]","[55828391.683, 55707202.152, 55693714.562]","[2, 1]",,,,,
mbpo_pickcube_20261007T143410_ba2d6827,PickCube-v1,mbpo,fit_start_restored,,310016,,163692,154,,,,,,,"[True, True, True]","[49908636.452, 49831726.78, 49828011.1105]","[42060544.554, 42028136.392, 42039070.308]","[1, 2]",,,,,
mbpo_pickcube_20261007T143410_ba2d6827,PickCube-v1,mbpo,fit_start_restored,,312000,,164753,155,,,,,,,"[False, True, True]","[42853011.17575, 42864833.961, 42820434.458]","[80035026.752, 79827058.144, 79884682.08]","[1, 2]",,,,,
mbpo_pickcube_20261007T143410_ba2d6827,PickCube-v1,mbpo,fit_start_restored,,314016,,165830,156,,,,,,,"[True, True, True]","[48176269.63775, 48094890.74, 48106400.8525]","[66069544.97, 65900180.726, 65900206.468]","[1, 2]",,,,,
mbpo_pickcube_20261007T143410_ba2d6827,PickCube-v1,mbpo,fit_start_restored,,316000,,166890,157,,,,,,,"[True, True, True]","[42833838.1485625, 42777733.5889375, 42788513.891375]","[49157011.326, 49118049.862, 49132034.114]","[1, 2]",,,,,
mbpo_pickcube_20261007T143410_ba2d6827,PickCube-v1,mbpo,fit_start_restored,,318016,,167967,158,,,,,,,"[False, False, True]","[60089687.3029375, 59891292.5885, 60005042.589]","[56048883.058, 55963915.548, 55974225.048]","[1, 2]",,,,,
mbpo_pickcube_20261007T143410_ba2d6827,PickCube-v1,mbpo,fit_start_restored,,320000,,169028,159,,,,,,,"[True, True, True]","[45560205.7561875, 45496703.35425, 45525637.020625]","[59642717.44, 59578098.24, 59639249.536]","[1, 2]",,,,,
mbpo_pickcube_20261007T143410_ba2d6827,PickCube-v1,mbpo,fit_start_restored,,322016,,170105,160,,,,,,,"[False, False, True]","[42869544.038, 42764223.546, 42727710.161]","[31698447.9505, 31692618.622, 31701974.506]","[1, 0]",,,,,
mbpo_pickcube_20261007T143410_ba2d6827,PickCube-v1,mbpo,generation_reward_extreme,,324000,,171165,161,-1.0794589519500732,,,,,,,,,"[1, 2]",0.3035605251789093,-1.113970398902893,0.3782236576080322,372000,374016
mbpo_pickcube_20261007T143410_ba2d6827,PickCube-v1,mbpo,fit_start_restored,,326016,,172242,162,,,,,,,"[False, True, False]","[56804351.62475, 56692907.873, 56721920.333]","[49225846.745, 49190357.472, 49191731.082]","[1, 2]",,,,,
mbpo_pickcube_20261007T143410_ba2d6827,PickCube-v1,mbpo,fit_start_restored,,328000,,173303,163,,,,,,,"[False, True, True]","[55771462.38125, 55735357.05, 55767930.888]","[35085047.795, 35094797.971, 35075378.608]","[2, 0]",,,,,
mbpo_pickcube_20261007T143410_ba2d6827,PickCube-v1,mbpo,fit_start_restored,,330016,,174380,164,,,,,,,"[True, False, True]","[49788117.95325, 49667527.328, 49740665.08775]","[20675685.91675, 20624963.17125, 20648399.0315]","[1, 2]",,,,,
mbpo_pickcube_20261007T143410_ba2d6827,PickCube-v1,mbpo,fit_start_restored,,332000,,175440,165,,,,,,,"[True, True, False]","[52576353.498, 52557785.805125, 52547502.395875]","[45617087.514, 45578699.919, 45584548.334]","[1, 2]",,,,,
mbpo_pickcube_20261007T143410_ba2d6827,PickCube-v1,mbpo,fit_start_restored,,334016,,176517,166,,,,,,,"[False, True, False]","[53955702.217, 53909360.513375, 54050043.1824375]","[83533198.864, 83503928.432, 83674920.528]","[1, 0]",,,,,
mbpo_pickcube_20261007T143410_ba2d6827,PickCube-v1,mbpo,fit_start_restored,,336000,,177578,167,,,,,,,"[True, True, True]","[48021560.2775, 47994031.8855, 48060892.60325]","[48784206.848, 48687995.904, 48825405.696]","[1, 0]",,,,,
mbpo_pickcube_20261007T143410_ba2d6827,PickCube-v1,mbpo,fit_start_restored,,338016,,178655,168,,,,,,,"[True, True, True]","[46196849.658, 46181575.882625, 46267659.6356875]","[55882541.834625, 55854947.83025, 55929819.4145]","[1, 0]",,,,,
mbpo_pickcube_20261007T143410_ba2d6827,PickCube-v1,mbpo,fit_start_restored,,340000,,179715,169,,,,,,,"[True, True, True]","[39445064.308125, 39414198.889125, 39454739.354]","[48543478.002, 48504396.913, 48623424.383]","[1, 0]",,,,,
mbpo_pickcube_20261007T143410_ba2d6827,PickCube-v1,mbpo,fit_start_restored,,342016,,180792,170,,,,,,,"[True, True, True]","[45429426.052875, 45422939.651, 45468066.9604375]","[56022473.398, 55988858.976, 56050470.509]","[1, 0]",,,,,
mbpo_pickcube_20261007T143410_ba2d6827,PickCube-v1,mbpo,fit_start_restored,,344000,,181853,171,,,,,,,"[False, True, False]","[44468670.868375, 44464612.915125, 44493862.3083125]","[27792717.959, 27721741.918, 27783102.216]","[1, 2]",,,,,
mbpo_pickcube_20261007T143410_ba2d6827,PickCube-v1,mbpo,fit_start_restored,,346016,,182930,172,,,,,,,"[True, True, True]","[37488534.78075, 37392870.0765, 37439538.983125]","[52413900.0, 52341367.68, 52394737.92]","[1, 2]",,,,,
mbpo_pickcube_20261007T143410_ba2d6827,PickCube-v1,mbpo,fit_start_restored,,350016,,185067,174,,,,,,,"[True, True, True]","[39420862.61975, 39359935.586625, 39390239.63775]","[55895886.58525, 55691976.6275, 55729525.759375]","[1, 2]",,,,,
mbpo_pickcube_20261007T143410_ba2d6827,PickCube-v1,mbpo,fit_start_restored,,352000,,186134,175,,,,,,,"[False, False, True]","[46109363.759125, 45939647.5265, 46040492.235]","[66211038.451, 65883536.476, 66031022.328]","[1, 2]",,,,,
mbpo_pickcube_20261007T143410_ba2d6827,PickCube-v1,mbpo,fit_start_restored,,354016,,187211,176,,,,,,,"[False, False, True]","[49680741.597625, 49568174.14275, 49630037.04775]","[52492622.134, 52474378.458, 52434623.406]","[2, 1]",,,,,
mbpo_pickcube_20261007T143410_ba2d6827,PickCube-v1,mbpo,fit_start_restored,,356000,,188271,177,,,,,,,"[True, True, True]","[43671301.078, 43599340.69675, 43614735.3965]","[38214137.14, 38079826.748, 38153780.116]","[1, 2]",,,,,
mbpo_pickcube_20261007T143410_ba2d6827,PickCube-v1,mbpo,fit_start_restored,,358016,,189348,178,,,,,,,"[True, True, True]","[49693077.32275, 49571759.7925, 49627343.193]","[35130372.369, 35103826.504, 35140677.202]","[1, 0]",,,,,
mbpo_pickcube_20261007T143410_ba2d6827,PickCube-v1,mbpo,fit_start_restored,,360000,,190409,179,,,,,,,"[True, True, True]","[40189469.734875, 40110887.2965, 40163848.827125]","[27991654.686375, 27967791.1285, 27971408.248]","[1, 2]",,,,,
mbpo_pickcube_20261007T143410_ba2d6827,PickCube-v1,mbpo,fit_start_restored,,362016,,191486,180,,,,,,,"[True, True, True]","[51542824.653375, 51462433.839875, 51458424.859625]","[27972622.694875, 27910925.6085, 27927316.694875]","[1, 2]",,,,,
mbpo_pickcube_20261007T143410_ba2d6827,PickCube-v1,mbpo,fit_start_restored,,364000,,192546,181,,,,,,,"[True, True, True]","[51503651.01675, 51347732.6415, 51389819.0045]","[55801301.6106875, 55655611.42425, 55703578.34825]","[1, 2]",,,,,
mbpo_pickcube_20261007T143410_ba2d6827,PickCube-v1,mbpo,fit_start_restored,,366016,,193623,182,,,,,,,"[False, True, True]","[41789877.2296875, 41781326.58775, 41780155.188]","[59492064.256, 59407661.312, 59465475.2]","[1, 2]",,,,,
mbpo_pickcube_20261007T143410_ba2d6827,PickCube-v1,mbpo,fit_start_restored,,368000,,194684,183,,,,,,,"[True, True, True]","[39325358.1275, 39290493.6615, 39328960.7425]","[45240252.106, 45146800.836, 45158128.502]","[1, 2]",,,,,
mbpo_pickcube_20261007T143410_ba2d6827,PickCube-v1,mbpo,fit_start_restored,,370016,,195761,184,,,,,,,"[True, True, True]","[34942346.18925, 34891983.346375, 34894696.97325]","[55451556.464, 55204942.336, 55247015.44]","[1, 2]",,,,,
mbpo_pickcube_20261007T143410_ba2d6827,PickCube-v1,mbpo,fit_start_restored,,372000,,196821,185,,,,,,,"[True, True, True]","[28782904.1333125, 28793841.7704375, 28759970.5853125]","[38348030.956, 38327597.158, 38309079.792]","[2, 1]",,,,,
mbpo_pickcube_20261007T143410_ba2d6827,PickCube-v1,mbpo,fit_start_restored,,374016,,197898,186,,,,,,,"[False, True, True]","[48905382.9645, 48856937.1725, 48856060.568]","[52358257.601, 52229127.194, 52296349.294]","[1, 2]",,,,,
mbpo_pickcube_20261007T143410_ba2d6827,PickCube-v1,mbpo,fit_start_restored,,376000,,198959,187,,,,,,,"[True, True, True]","[43613319.830125, 43531449.351875, 43582381.683]","[59595200.192, 59536976.448, 59521428.16]","[2, 1]",,,,,
mbpo_pickcube_20261007T143410_ba2d6827,PickCube-v1,mbpo,fit_start_restored,,378016,,200036,188,,,,,,,"[True, True, True]","[47155375.0385, 47077665.008, 47119991.1695]","[52557506.464, 52412107.84, 52477450.256]","[1, 2]",,,,,
mbpo_pickcube_20261007T143410_ba2d6827,PickCube-v1,mbpo,fit_start_restored,,380000,,201096,189,,,,,,,"[False, True, True]","[49691440.094, 49701697.0415, 49783619.71825]","[51791547.65, 51629909.37, 51803509.746]","[1, 0]",,,,,
mbpo_pickcube_20261007T143410_ba2d6827,PickCube-v1,mbpo,fit_start_restored,,382016,,202173,190,,,,,,,"[True, True, True]","[26217700.286875, 26189132.665375, 26226797.32425]","[38349783.06, 38196806.404, 38262581.752]","[1, 2]",,,,,
mbpo_pickcube_20261007T143410_ba2d6827,PickCube-v1,mbpo,generation_reward_extreme,,384000,,203234,191,-1.4286216497421265,,,,,,,,,"[1, 0]",0.5931075811386108,-1.420305609703064,0.5909098386764526,432000,434016
mbpo_pickcube_20261007T143410_ba2d6827,PickCube-v1,mbpo,fit_start_restored,,384000,,203234,191,,,,,,,"[True, True, True]","[52404719.482, 52385450.3975, 52422527.756375]","[38286602.485, 38240674.959, 38293523.285]","[1, 0]",,,,,
mbpo_pickcube_20261007T143410_ba2d6827,PickCube-v1,mbpo,fit_start_restored,,386016,,204311,192,,,,,,,"[True, True, True]","[42735066.967875, 42657503.6975, 42721335.096875]","[45523562.288, 45596826.586, 45510770.56]","[2, 0]",,,,,
mbpo_pickcube_20261007T143410_ba2d6827,PickCube-v1,mbpo,fit_start_restored,,388000,,205371,193,,,,,,,"[True, True, True]","[53286732.8975, 53175459.7295, 53251857.5015]","[44948937.344, 44799802.272, 44969103.552]","[1, 0]",,,,,
mbpo_pickcube_20261007T143410_ba2d6827,PickCube-v1,mbpo,fit_start_restored,,390016,,206448,194,,,,,,,"[False, True, True]","[50551011.6295, 50526584.608, 50560768.2945]","[38472042.836, 38501775.322, 38524630.612]","[0, 1]",,,,,
mbpo_pickcube_20261007T143410_ba2d6827,PickCube-v1,mbpo,fit_start_restored,,392000,,207509,195,,,,,,,"[True, True, True]","[34138858.985125, 34175714.528625, 34162284.19]","[59458996.48, 59388130.944, 59507376.0]","[1, 0]",,,,,
mbpo_pickcube_20261007T143410_ba2d6827,PickCube-v1,mbpo,fit_start_restored,,394016,,208586,196,,,,,,,"[True, True, True]","[40166690.5486875, 40101425.737125, 40158994.0183125]","[34705824.278, 34664600.75, 34690786.542]","[1, 2]",,,,,
mbpo_pickcube_20261007T143410_ba2d6827,PickCube-v1,mbpo,fit_start_restored,,396000,,209646,197,,,,,,,"[True, True, True]","[46120753.8185625, 46096142.025875, 46152241.922375]","[20997722.820125, 21035008.901, 21048748.098875]","[0, 1]",,,,,
mbpo_pickcube_20261007T143410_ba2d6827,PickCube-v1,mbpo,fit_start_restored,,398016,,210723,198,,,,,,,"[False, True, False]","[47793959.704875, 47681725.76325, 47783257.31]","[34751645.069, 34658139.016, 34713888.972]","[1, 2]",,,,,
mbpo_pickcube_20261007T143410_ba2d6827,PickCube-v1,mbpo,fit_start_restored,,400000,,211784,199,,,,,,,"[False, True, True]","[50328823.20475, 50315429.0185, 50414892.98525]","[45376659.424, 45350627.04, 45405005.92]","[1, 0]",,,,,
mbpo_pickcube_20261007T143410_ba2d6827,PickCube-v1,mbpo,fit_start_restored,,402016,,212867,200,,,,,,,"[True, True, True]","[35790248.141, 35768581.18425, 35794459.80075]","[24418535.466625, 24469041.615625, 24421334.7345625]","[0, 2]",,,,,
mbpo_pickcube_20261007T143410_ba2d6827,PickCube-v1,mbpo,fit_start_restored,,404000,,213927,201,,,,,,,"[True, False, True]","[40826947.3895, 40715735.20175, 40844937.92775]","[41687988.784, 41683856.66, 41731358.784]","[1, 0]",,,,,
mbpo_pickcube_20261007T143410_ba2d6827,PickCube-v1,mbpo,fit_start_restored,,408000,,216065,203,,,,,,,"[True, True, True]","[41826742.9084375, 41768841.89725, 41824432.276625]","[41782526.3591875, 41719481.1621875, 41785011.3494375]","[1, 0]",,,,,
mbpo_pickcube_20261007T143410_ba2d6827,PickCube-v1,mbpo,fit_start_restored,,410016,,217142,204,,,,,,,"[True, True, True]","[36740692.8695, 36789402.66, 36799513.109]","[45194980.1285625, 45080922.575625, 45164184.615875]","[1, 2]",,,,,
mbpo_pickcube_20261007T143410_ba2d6827,PickCube-v1,mbpo,fit_start_restored,,412000,,218202,205,,,,,,,"[False, True, False]","[42667949.8795, 42558716.5375, 42656195.88925]","[35042924.437, 35057355.034, 35083835.878]","[0, 1]",,,,,
mbpo_pickcube_20261007T143410_ba2d6827,PickCube-v1,mbpo,fit_start_restored,,414016,,219279,206,,,,,,,"[True, False, False]","[39006786.23234375, 38818403.4459375, 38973315.5135625]","[24543352.992, 24518493.876, 24529263.679]","[1, 2]",,,,,
mbpo_pickcube_20261007T143410_ba2d6827,PickCube-v1,mbpo,fit_start_restored,,416000,,220340,207,,,,,,,"[True, True, False]","[49706423.82975, 49609582.2905, 49623858.16525]","[52243517.38425, 52118554.1565, 52173872.023125]","[1, 2]",,,,,
mbpo_pickcube_20261007T143410_ba2d6827,PickCube-v1,mbpo,fit_start_restored,,418016,,221417,208,,,,,,,"[True, True, True]","[37523187.122, 37497141.8455, 37519580.752]","[55851085.0854375, 55712239.4525, 55766595.18075]","[1, 2]",,,,,
mbpo_pickcube_20261007T143410_ba2d6827,PickCube-v1,mbpo,fit_start_restored,,420000,,222477,209,,,,,,,"[True, True, False]","[39218472.5878125, 39142904.924875, 39148702.73825]","[31353665.204, 31321474.932, 31329805.113]","[1, 2]",,,,,
mbpo_pickcube_20261007T143410_ba2d6827,PickCube-v1,mbpo,fit_start_restored,,422016,,223554,210,,,,,,,"[False, True, True]","[35801001.4905, 35755055.5638125, 35767788.5653125]","[27677933.642, 27545878.677, 27637371.321]","[1, 2]",,,,,
mbpo_pickcube_20261007T143410_ba2d6827,PickCube-v1,mbpo,fit_start_restored,,424000,,224615,211,,,,,,,"[True, True, True]","[41083280.0625625, 40965569.979875, 41035877.800125]","[49122226.923, 49093841.614, 49115187.842]","[1, 2]",,,,,
mbpo_pickcube_20261007T143410_ba2d6827,PickCube-v1,mbpo,fit_start_restored,,426016,,225692,212,,,,,,,"[True, True, False]","[45477735.818625, 45412571.44525, 45400886.38975]","[27979504.034, 27979671.655, 27919618.987]","[2, 0]",,,,,
mbpo_pickcube_20261007T143410_ba2d6827,PickCube-v1,mbpo,fit_start_restored,,428000,,226752,213,,,,,,,"[True, True, True]","[41882426.7763125, 41770630.407375, 41852405.6944375]","[13892737.770375, 13928813.9574375, 13879284.8775]","[2, 0]",,,,,
mbpo_pickcube_20261007T143410_ba2d6827,PickCube-v1,mbpo,fit_start_restored,,430016,,227829,214,,,,,,,"[True, True, False]","[38247957.505, 38146912.435, 38131570.6145]","[38184682.844, 38154535.996, 38146191.616]","[2, 1]",,,,,
mbpo_pickcube_20261007T143410_ba2d6827,PickCube-v1,mbpo,fit_start_restored,,432000,,228890,215,,,,,,,"[True, True, True]","[38423812.64459375, 38373458.61009375, 38380458.5445625]","[45466293.264, 45382002.064, 45417167.936]","[1, 2]",,,,,
mbpo_pickcube_20261007T143410_ba2d6827,PickCube-v1,mbpo,fit_start_restored,,434016,,229967,216,,,,,,,"[False, True, True]","[33047560.26575, 33006452.6955, 33009768.43775]","[34767373.642375, 34702445.114, 34709523.686625]","[1, 2]",,,,,
mbpo_pickcube_20261007T143410_ba2d6827,PickCube-v1,mbpo,fit_start_restored,,436000,,231027,217,,,,,,,"[True, True, True]","[28837427.950375, 28783992.17375, 28810788.39675]","[38497669.587, 38449593.618, 38458748.533]","[1, 2]",,,,,
mbpo_pickcube_20261007T143410_ba2d6827,PickCube-v1,mbpo,generation_reward_extreme,,438016,,232104,218,-0.9268472194671631,,,,,,,,,"[1, 2]",2.1381542682647705,-0.9853193163871765,2.2065117359161377,486016,488000
mbpo_pickcube_20261007T143410_ba2d6827,PickCube-v1,mbpo,fit_start_restored,,438016,,232104,218,,,,,,,"[True, False, True]","[33929381.7660625, 33841035.3999375, 33835459.30425]","[31325959.32675, 31218938.54225, 31243417.358]","[1, 2]",,,,,
mbpo_pickcube_20261007T143410_ba2d6827,PickCube-v1,mbpo,fit_start_restored,,440000,,233165,219,,,,,,,"[True, True, True]","[36692281.67790625, 36654515.6570625, 36637063.698375]","[31290970.108, 31247950.54, 31201484.883]","[2, 1]",,,,,
mbpo_pickcube_20261007T143410_ba2d6827,PickCube-v1,mbpo,fit_start_restored,,442016,,234242,220,,,,,,,"[True, True, True]","[32302168.8599375, 32292187.4829375, 32299522.9535]","[45581075.88, 45674727.307, 45573897.8]","[2, 0]",,,,,
mbpo_pickcube_20261007T143410_ba2d6827,PickCube-v1,mbpo,fit_start_restored,,444000,,235302,221,,,,,,,"[True, True, True]","[43702784.68146875, 43677398.96371875, 43680736.19359375]","[38276529.075, 38201968.886, 38236308.59]","[1, 2]",,,,,
mbpo_pickcube_20261007T143410_ba2d6827,PickCube-v1,mbpo,fit_start_restored,,446016,,236379,222,,,,,,,"[True, True, True]","[39305633.93325, 39262955.73475, 39298112.5955]","[31372215.3021875, 31370297.0030625, 31310279.3010625]","[2, 1]",,,,,
mbpo_pickcube_20261007T143410_ba2d6827,PickCube-v1,mbpo,fit_start_restored,,448000,,237440,223,,,,,,,"[True, True, True]","[41881757.95989063, 41819729.708265625, 41771604.63590625]","[31352225.356, 31319704.376, 31321051.957]","[1, 2]",,,,,
mbpo_pickcube_20261007T143410_ba2d6827,PickCube-v1,mbpo,fit_start_restored,,450016,,238517,224,,,,,,,"[True, True, True]","[32347025.991625, 32369752.41425, 32316257.26965625]","[38723331.495, 38728173.386, 38711333.466]","[2, 0]",,,,,
mbpo_pickcube_20261007T143410_ba2d6827,PickCube-v1,mbpo,fit_start_restored,,452000,,239583,225,,,,,,,"[True, True, True]","[32394729.9841875, 32388165.06125, 32381574.586625]","[38486994.6011875, 38490816.4060625, 38506992.5758125]","[0, 1]",,,,,
mbpo_pickcube_20261007T143410_ba2d6827,PickCube-v1,mbpo,generation_reward_extreme,,454016,,240660,226,-0.8471373915672302,,,,,,,,,"[2, 1]",3.0062053203582764,-0.8522344827651978,2.9790701866149902,500000,not_observed
mbpo_pickcube_20261007T143410_ba2d6827,PickCube-v1,mbpo,fit_start_restored,,454016,,240660,226,,,,,,,"[True, True, True]","[33045160.854625, 33024816.865, 32989155.9855]","[52514610.352, 52499812.976, 52474281.744]","[2, 1]",,,,,
mbpo_pickcube_20261007T143410_ba2d6827,PickCube-v1,mbpo,generation_reward_extreme,,456000,,241721,227,-0.5196399092674255,,,,,,,,,"[1, 2]",2.1820409297943115,-0.5748172402381897,2.1937427520751953,500000,not_observed
mbpo_pickcube_20261007T143410_ba2d6827,PickCube-v1,mbpo,fit_start_restored,,456000,,241721,227,,,,,,,"[True, True, True]","[27059263.25575, 26994241.6055, 27029548.4525]","[31261788.082, 31194945.445375, 31217406.157375]","[1, 2]",,,,,
mbpo_pickcube_20261007T143410_ba2d6827,PickCube-v1,mbpo,generation_reward_extreme,,458016,,242798,228,-0.38369840383529663,,,,,,,,,"[2, 1]",2.399942636489868,-0.49957484006881714,2.428138494491577,500000,not_observed
mbpo_pickcube_20261007T143410_ba2d6827,PickCube-v1,mbpo,fit_start_restored,,458016,,242798,228,,,,,,,"[True, True, True]","[32327770.883453123, 32302839.84509375, 32291611.9646875]","[35015512.462, 35005043.846, 34982607.328]","[2, 1]",,,,,
mbpo_pickcube_20261007T143410_ba2d6827,PickCube-v1,mbpo,generation_reward_extreme,,460000,,243858,229,-0.6629410982131958,,,,,,,,,"[1, 2]",3.320509195327759,-0.9370223879814148,3.3070459365844727,500000,not_observed
mbpo_pickcube_20261007T143410_ba2d6827,PickCube-v1,mbpo,fit_start_restored,,460000,,243858,229,,,,,,,"[True, True, True]","[31467721.3116875, 31450357.8553125, 31426212.68875]","[27925211.995, 27885684.292, 27894156.437]","[1, 2]",,,,,
mbpo_pickcube_20261007T143410_ba2d6827,PickCube-v1,mbpo,fit_start_restored,,462016,,244935,230,,,,,,,"[True, True, True]","[34946687.6265625, 34907175.977125, 34904195.780375]","[45558349.623, 45546702.363, 45530353.024]","[2, 1]",,,,,
mbpo_pickcube_20261007T143410_ba2d6827,PickCube-v1,mbpo,generation_reward_extreme,,464000,,245996,231,-0.6512638926506042,,,,,,,,,"[1, 2]",3.293748140335083,-0.9300369620323181,3.314436912536621,500000,not_observed
mbpo_pickcube_20261007T143410_ba2d6827,PickCube-v1,mbpo,fit_start_restored,,464000,,245996,231,,,,,,,"[True, True, True]","[33109019.66775, 33065644.2505, 33030108.833]","[49010622.04925, 48956942.39075, 48959048.710375]","[1, 2]",,,,,
mbpo_pickcube_20261007T143410_ba2d6827,PickCube-v1,mbpo,fit_start_restored,,466016,,247073,232,,,,,,,"[True, True, True]","[34178966.8915, 34145336.6145, 34161911.40625]","[27793936.945, 27783600.388, 27820848.759]","[1, 0]",,,,,
mbpo_pickcube_20261007T143410_ba2d6827,PickCube-v1,mbpo,fit_start_restored,,468000,,248133,233,,,,,,,"[False, True, False]","[39199991.9585, 39182182.1705, 39176573.197]","[17459754.005125, 17477848.611625, 17468512.215]","[0, 2]",,,,,
mbpo_pickcube_20261007T143410_ba2d6827,PickCube-v1,mbpo,generation_reward_extreme,,470016,,249210,234,-1.0609915256500244,,,,,,,,,"[1, 2]",1.1473091840744019,-1.0672093629837036,1.119837999343872,500000,not_observed
mbpo_pickcube_20261007T143410_ba2d6827,PickCube-v1,mbpo,fit_start_restored,,470016,,249210,234,,,,,,,"[True, False, False]","[30441651.0360625, 30424612.2255625, 30438436.9559375]","[21045119.33803125, 21005984.55765625, 21008716.47525]","[1, 2]",,,,,
mbpo_pickcube_20261007T143410_ba2d6827,PickCube-v1,mbpo,fit_start_restored,,472000,,250271,235,,,,,,,"[True, True, True]","[33134763.07584375, 33142175.669625, 33137741.79715625]","[45469326.0369375, 45462880.522625, 45425615.6723125]","[2, 1]",,,,,
mbpo_pickcube_20261007T143410_ba2d6827,PickCube-v1,mbpo,fit_start_restored,,474016,,251348,236,,,,,,,"[True, True, True]","[34067096.7531875, 34081170.5341875, 34055605.64453125]","[28002701.737, 27956382.55, 27961447.586]","[1, 2]",,,,,
mbpo_pickcube_20261007T143410_ba2d6827,PickCube-v1,mbpo,fit_start_restored,,476000,,252408,237,,,,,,,"[True, True, True]","[31430815.22075, 31450710.67309375, 31401282.758375]","[48811659.048, 48884228.384, 48875168.502]","[0, 2]",,,,,
mbpo_pickcube_20261007T143410_ba2d6827,PickCube-v1,mbpo,generation_reward_extreme,,478016,,253485,238,-1.9738057851791382,,,,,,,,,"[2, 1]",0.815607488155365,-2.058072090148926,1.8217204809188843,500000,not_observed
mbpo_pickcube_20261007T143410_ba2d6827,PickCube-v1,mbpo,fit_start_restored,,478016,,253485,238,,,,,,,"[False, True, True]","[40155846.582546875, 40168364.17146875, 40166161.03625]","[28084465.2395, 28045288.882, 28033664.731]","[2, 1]",,,,,
mbpo_pickcube_20261007T143410_ba2d6827,PickCube-v1,mbpo,fit_start_restored,,480000,,254546,239,,,,,,,"[True, True, True]","[33156973.967015624, 33163596.112140626, 33132550.341984376]","[35139655.205, 35181215.321, 35135178.708]","[2, 0]",,,,,
mbpo_pickcube_20261007T143410_ba2d6827,PickCube-v1,mbpo,fit_start_restored,,482016,,255623,240,,,,,,,"[True, True, True]","[32372960.2756875, 32417553.093875, 32393135.2020625]","[28027443.382, 28008963.3065, 28038053.15]","[1, 0]",,,,,
mbpo_pickcube_20261007T143410_ba2d6827,PickCube-v1,mbpo,fit_start_restored,,484000,,256683,241,,,,,,,"[True, True, True]","[30611150.91025, 30601955.085625, 30589717.48175]","[45332507.176, 45345490.325, 45335175.874]","[0, 2]",,,,,
mbpo_pickcube_20261007T143410_ba2d6827,PickCube-v1,mbpo,generation_reward_extreme,,486016,,257760,242,-1.6406099796295166,,,,,,,,,"[1, 2]",0.8821569681167603,-1.9948222637176514,0.8794665336608887,500000,not_observed
mbpo_pickcube_20261007T143410_ba2d6827,PickCube-v1,mbpo,fit_start_restored,,486016,,257760,242,,,,,,,"[True, True, False]","[27939484.95028125, 27896415.2223125, 27925584.85484375]","[28100671.60853125, 28084291.350375, 28089153.5766875]","[1, 2]",,,,,
mbpo_pickcube_20261007T143410_ba2d6827,PickCube-v1,mbpo,fit_start_restored,,488000,,258821,243,,,,,,,"[True, True, True]","[26156217.475640625, 26139040.22403125, 26195411.386734374]","[24406923.53621875, 24460075.189625, 24510601.660125]","[0, 1]",,,,,
mbpo_pickcube_20261007T143410_ba2d6827,PickCube-v1,mbpo,fit_start_restored,,490016,,259898,244,,,,,,,"[False, True, True]","[35068144.40925, 35016489.428625, 35048069.070875]","[35203677.3165, 35239354.9565, 35210109.899]","[0, 2]",,,,,
mbpo_pickcube_20261007T143410_ba2d6827,PickCube-v1,mbpo,generation_reward_extreme,,492000,,260958,245,-1.0109984874725342,,,,,,,,,"[1, 2]",0.7866803407669067,-2.06374192237854,0.8088035583496094,500000,not_observed
mbpo_pickcube_20261007T143410_ba2d6827,PickCube-v1,mbpo,fit_start_restored,,492000,,260958,245,,,,,,,"[True, True, True]","[28910743.855125, 28889135.672, 28928857.942375]","[35047261.1860625, 35000499.6131875, 35016875.130875]","[1, 2]",,,,,
mbpo_pickcube_20261007T143410_ba2d6827,PickCube-v1,mbpo,fit_start_restored,,496000,,263096,247,,,,,,,"[True, True, True]","[45595834.29425, 45558311.416, 45610867.87771875]","[34979361.317859374, 34892174.801875, 34970439.45184375]","[1, 2]",,,,,
mbpo_pickcube_20261007T143410_ba2d6827,PickCube-v1,mbpo,fit_start_restored,,498016,,264173,248,,,,,,,"[False, True, True]","[41078068.00264063, 41020542.99575, 41110331.15220313]","[35136013.49325, 35086402.157, 35099135.75875]","[1, 2]",,,,,
mbpo_pickcube_20261007T143410_ba2d6827,PickCube-v1,mbpo,fit_start_restored,,500000,,265233,249,,,,,,,"[False, True, False]","[33217463.874226563, 33191045.50440625, 33253950.1068125]","[38734842.3105, 38741957.005, 38726014.144125]","[2, 0]",,,,,
