run,task,algorithm,kind,step,refit,event,value,maximum,elite_mean_min,elite_mean_max,elites,last_retained_refit_step,fully_evicted_step,members,train_nll,holdout_nll
mbpo_stackcube_20261007T182651_ab48dfc3,StackCube-v1,mbpo,generation_reward_extreme,10016,4,3344,-1.0839283466339111,0.20444375276565552,-0.909166157245636,0.1807301640510559,"[1, 0]",58016,60000,,,
mbpo_stackcube_20261007T182651_ab48dfc3,StackCube-v1,mbpo,fit_start_restored,14016,6,5481,,,,,"[1, 2]",,,"[True, True, False]","[4.927379917025566, 2.5073427448272705, 43.62669348526001]","[1.8989530429840087, 1.4713039245605468, 1.6236699810028077]"
mbpo_stackcube_20261007T182651_ab48dfc3,StackCube-v1,mbpo,fit_start_restored,24000,11,10817,,,,,"[1, 2]",,,"[False, True, True]","[1.7393254795074462, 3.0399172554016114, 1.8814188284873963]","[-0.07881506156921386, -0.6338896083831788, -0.2267496337890625]"
mbpo_stackcube_20261007T182651_ab48dfc3,StackCube-v1,mbpo,fit_start_restored,26016,12,11894,,,,,"[1, 2]",,,"[True, False, False]","[24744.9535001629, 3.2744820084571837, 3.220250675678253]","[3.420495692253113, 3.212745195388794, 3.4057482175827025]"
mbpo_stackcube_20261007T182651_ab48dfc3,StackCube-v1,mbpo,fit_start_restored,38016,18,18306,,,,,"[2, 0]",,,"[True, True, False]","[5.856259669661522, 5.5548050508499145, 5.431398759841919]","[3.634331958770752, 3.6350654735565184, 3.5519242362976073]"
mbpo_stackcube_20261007T182651_ab48dfc3,StackCube-v1,mbpo,fit_start_restored,42016,20,20444,,,,,"[1, 2]",,,"[False, True, True]","[6.031119299888611, 6.089025529384613, 6.062049784660339]","[5.763345252990723, 5.571516246795654, 5.604688064575195]"
mbpo_stackcube_20261007T182651_ab48dfc3,StackCube-v1,mbpo,fit_start_restored,44000,21,21504,,,,,"[2, 1]",,,"[True, True, True]","[7.6968588533401485, 7.555027980804443, 7.731950536727905]","[4.512301838397979, 4.340793880105019, 4.324973137378692]"
mbpo_stackcube_20261007T182651_ab48dfc3,StackCube-v1,mbpo,fit_start_restored,46016,22,22581,,,,,"[2, 1]",,,"[True, True, True]","[5.626093304157257, 5.535372841477394, 5.538653846979141]","[7.1132345962524415, 6.9025030555725095, 6.828938598632813]"
mbpo_stackcube_20261007T182651_ab48dfc3,StackCube-v1,mbpo,generation_reward_extreme,50016,24,24719,-0.052936963737010956,2.0805416107177734,-0.024307381361722946,2.148104429244995,"[2, 0]",98016,100000,,,
mbpo_stackcube_20261007T182651_ab48dfc3,StackCube-v1,mbpo,generation_reward_extreme,56000,27,27923,-0.1923205703496933,2.153656005859375,-0.13916003704071045,2.1298298835754395,"[0, 2]",104000,106016,,,
mbpo_stackcube_20261007T182651_ab48dfc3,StackCube-v1,mbpo,fit_start_restored,56000,27,27923,,,,,"[0, 2]",,,"[True, False, True]","[6.110741926670075, 5.830097076386213, 5.801361777096987]","[2.6949939382076264, 2.7929587235450746, 2.759435229301453]"
mbpo_stackcube_20261007T182651_ab48dfc3,StackCube-v1,mbpo,fit_start_restored,62016,30,31137,,,,,"[0, 1]",,,"[False, False, True]","[4.929948922038078, 4.196691335916519, 4.6360518125891685]","[4.525969570159912, 4.858320248603821, 4.974222440719604]"
mbpo_stackcube_20261007T182651_ab48dfc3,StackCube-v1,mbpo,fit_start_restored,64000,31,32198,,,,,"[1, 2]",,,"[False, False, True]","[4.547315826177597, 4.55207916021347, 4.7310108103752135]","[3.2227605571746825, 2.924337465763092, 3.062320897102356]"
mbpo_stackcube_20261007T182651_ab48dfc3,StackCube-v1,mbpo,fit_start_restored,68000,33,34335,,,,,"[1, 2]",,,"[False, False, True]","[3.7903684787750245, 3.65705916595459, 3.767966505467892]","[6.595092407226563, 6.311807559967041, 6.565401920318603]"
mbpo_stackcube_20261007T182651_ab48dfc3,StackCube-v1,mbpo,fit_start_restored,72000,35,36473,,,,,"[1, 2]",,,"[True, True, False]","[3.90820640873909, 3.5882724227905274, 3.3954129276275635]","[3.5846458930969236, 3.361833086013794, 3.382604866027832]"
mbpo_stackcube_20261007T182651_ab48dfc3,StackCube-v1,mbpo,fit_start_restored,76000,37,38610,,,,,"[2, 0]",,,"[True, True, True]","[3.6747623360157013, 3.6019248909950257, 3.5789320430755613]","[3.1518750953674317, 3.1878791580200194, 2.9412433433532716]"
mbpo_stackcube_20261007T182651_ab48dfc3,StackCube-v1,mbpo,fit_start_restored,78016,38,39687,,,,,"[2, 1]",,,"[False, True, False]","[3.512528827667236, 3.665077602058649, 3.409773328959942]","[4.302078048229218, 4.190624136924743, 3.9415687875747683]"
mbpo_stackcube_20261007T182651_ab48dfc3,StackCube-v1,mbpo,fit_start_restored,80000,39,40748,,,,,"[1, 2]",,,"[False, False, True]","[3.2867035322487355, 3.317028191566467, 3.3608208072185515]","[3.7261878414154053, 3.4946677560806276, 3.575127996444702]"
mbpo_stackcube_20261007T182651_ab48dfc3,StackCube-v1,mbpo,fit_start_restored,82016,40,41825,,,,,"[2, 0]",,,"[True, True, False]","[3.4515726242661477, 3.464820601224899, 3.1764372833371164]","[4.513068017482758, 4.938114339828491, 4.160939069747925]"
mbpo_stackcube_20261007T182651_ab48dfc3,StackCube-v1,mbpo,fit_start_restored,84000,41,42885,,,,,"[2, 0]",,,"[False, True, False]","[3.4567676141262056, 3.764225076675415, 3.4735000855922697]","[3.027604338645935, 3.2054014835357667, 2.924047729730606]"
mbpo_stackcube_20261007T182651_ab48dfc3,StackCube-v1,mbpo,fit_start_restored,86016,42,43962,,,,,"[2, 0]",,,"[True, False, True]","[3.4034448897838594, 3.389297712266445, 3.493634166955948]","[2.6849508209228516, 2.7538549947738646, 2.6205949497222902]"
mbpo_stackcube_20261007T182651_ab48dfc3,StackCube-v1,mbpo,fit_start_restored,88000,43,45023,,,,,"[2, 0]",,,"[False, False, True]","[2.7118518943041563, 2.7778226202130316, 2.8100653559565543]","[2.7087141666412355, 2.8354034337997436, 2.648485878944397]"
mbpo_stackcube_20261007T182651_ab48dfc3,StackCube-v1,mbpo,fit_start_restored,90016,44,46100,,,,,"[0, 2]",,,"[True, True, True]","[3.6054279375076295, 3.4642519590854643, 3.4663770575523376]","[1.9913016366958618, 2.1021166481971743, 2.0015486392974853]"
mbpo_stackcube_20261007T182651_ab48dfc3,StackCube-v1,mbpo,fit_start_restored,94016,46,48237,,,,,"[0, 1]",,,"[True, False, False]","[3.2442005152702333, 3.005601425513625, 3.002278367161751]","[4.414453631401062, 4.5173793907165525, 4.801786687850952]"
mbpo_stackcube_20261007T182651_ab48dfc3,StackCube-v1,mbpo,fit_start_restored,100000,49,51435,,,,,"[2, 1]",,,"[True, False, False]","[2.924583347439766, 2.6419007852226497, 2.6776538482904435]","[2.758280242919922, 2.620462215423584, 2.6174001693725586]"
mbpo_stackcube_20261007T182651_ab48dfc3,StackCube-v1,mbpo,fit_start_restored,102016,50,52518,,,,,"[1, 2]",,,"[True, False, False]","[4.084643018722534, 3.7712348847389223, 3.725694578409195]","[3.3961438441276552, 3.2108750190734865, 3.303539517402649]"
mbpo_stackcube_20261007T182651_ab48dfc3,StackCube-v1,mbpo,fit_start_restored,104000,51,53579,,,,,"[0, 1]",,,"[True, False, True]","[3.2459987843036653, 2.949116392850876, 3.1022110477685927]","[2.3485763111114504, 2.4750981464385986, 2.5262606358528137]"
mbpo_stackcube_20261007T182651_ab48dfc3,StackCube-v1,mbpo,fit_start_restored,106016,52,54656,,,,,"[0, 1]",,,"[False, True, True]","[3.5449180493056773, 3.8661895105838777, 3.802354588627815]","[3.1070605936050417, 3.281468917131424, 3.4107207441329956]"
mbpo_stackcube_20261007T182651_ab48dfc3,StackCube-v1,mbpo,fit_start_restored,108000,53,55716,,,,,"[1, 2]",,,"[False, True, False]","[3.5192677695155146, 3.639483529806137, 3.643127982139587]","[2.9890727157592774, 2.3672498397827146, 2.6938297119140624]"
mbpo_stackcube_20261007T182651_ab48dfc3,StackCube-v1,mbpo,fit_start_restored,110016,54,56793,,,,,"[1, 0]",,,"[False, False, True]","[2.9565568905472754, 3.112523815751076, 3.3260402927398682]","[2.4203658697009085, 2.3351514921188357, 2.626145124435425]"
mbpo_stackcube_20261007T182651_ab48dfc3,StackCube-v1,mbpo,fit_start_restored,112000,55,57854,,,,,"[2, 1]",,,"[True, True, False]","[2.7645615549087523, 2.71180535697937, 2.7803985991477966]","[3.077339747428894, 3.022873143196106, 3.0034204263687134]"
mbpo_stackcube_20261007T182651_ab48dfc3,StackCube-v1,mbpo,fit_start_restored,114016,56,58931,,,,,"[1, 2]",,,"[True, True, True]","[2.451946825027466, 2.455754988193512, 2.478710377931595]","[3.776364574432373, 3.645874219894409, 3.7348802108764647]"
mbpo_stackcube_20261007T182651_ab48dfc3,StackCube-v1,mbpo,fit_start_restored,116000,57,59991,,,,,"[0, 2]",,,"[False, True, True]","[3.0964569404125215, 3.147373943567276, 3.211685648560524]","[1.8179849710464477, 2.0857671947479246, 1.909433219909668]"
mbpo_stackcube_20261007T182651_ab48dfc3,StackCube-v1,mbpo,fit_start_restored,118016,58,61068,,,,,"[0, 2]",,,"[True, False, True]","[3.1891307754516602, 3.0681055524349214, 3.1367350224256514]","[1.8864089257717132, 2.0212758736610414, 2.0036516613960265]"
mbpo_stackcube_20261007T182651_ab48dfc3,StackCube-v1,mbpo,fit_start_restored,120000,59,62129,,,,,"[0, 1]",,,"[False, True, False]","[2.5152104406952858, 2.6772668623924254, 2.4885389770269395]","[0.6502701046466828, 0.6933349481225014, 0.7088608112446964]"
mbpo_stackcube_20261007T182651_ab48dfc3,StackCube-v1,mbpo,fit_start_restored,122016,60,63206,,,,,"[2, 1]",,,"[True, True, False]","[3.7298719527833164, 3.5639507944583895, 3.534672639131546]","[1.2978350954055786, 1.290794244170189, 1.2906965382099151]"
mbpo_stackcube_20261007T182651_ab48dfc3,StackCube-v1,mbpo,fit_start_restored,124000,61,64266,,,,,"[0, 2]",,,"[False, True, False]","[2.864803236693144, 3.2964852077066897, 2.8679417494088413]","[1.9595319135189055, 2.0457046639919283, 2.028685899019241]"
mbpo_stackcube_20261007T182651_ab48dfc3,StackCube-v1,mbpo,fit_start_restored,126016,62,65343,,,,,"[1, 2]",,,"[False, True, True]","[2.4511664754152296, 2.4260023489594458, 2.5267625104188918]","[3.460531489610672, 3.216581802368164, 3.3509587305784225]"
mbpo_stackcube_20261007T182651_ab48dfc3,StackCube-v1,mbpo,fit_start_restored,130016,64,67481,,,,,"[2, 0]",,,"[True, True, False]","[2.243417178541422, 2.4130750912427903, 1.9580559401512145]","[1.7352103185653687, 1.780043982028961, 1.6432032442092896]"
mbpo_stackcube_20261007T182651_ab48dfc3,StackCube-v1,mbpo,fit_start_restored,134016,66,69618,,,,,"[2, 0]",,,"[True, True, True]","[2.7351703882217406, 2.803827952861786, 2.795112281322479]","[2.164252665042877, 2.2268708159923554, 2.0314399075508116]"
mbpo_stackcube_20261007T182651_ab48dfc3,StackCube-v1,mbpo,fit_start_restored,138016,68,71756,,,,,"[0, 1]",,,"[True, True, True]","[3.2646231142282485, 3.293254443883896, 3.1668715223670008]","[1.36011509513855, 1.5818914263248443, 1.6590640544891357]"
mbpo_stackcube_20261007T182651_ab48dfc3,StackCube-v1,mbpo,fit_start_restored,140000,69,72816,,,,,"[2, 0]",,,"[True, True, True]","[2.0645356841683387, 2.111605266660452, 2.1579770908355713]","[3.2666009616851808, 3.3062737216949465, 3.042784427642822]"
mbpo_stackcube_20261007T182651_ab48dfc3,StackCube-v1,mbpo,fit_start_restored,142016,70,73893,,,,,"[0, 2]",,,"[False, True, True]","[2.075365439593792, 2.829864471793175, 2.348917089998722]","[2.1542736887931824, 2.3773492488861083, 2.3736608924865723]"
mbpo_stackcube_20261007T182651_ab48dfc3,StackCube-v1,mbpo,fit_start_restored,144000,71,74954,,,,,"[2, 1]",,,"[False, False, True]","[2.312474895954132, 2.3521998529434205, 2.5260682938098906]","[2.6178210582733152, 2.6073142786026002, 2.3737180824279784]"
mbpo_stackcube_20261007T182651_ab48dfc3,StackCube-v1,mbpo,fit_start_restored,150016,74,78168,,,,,"[2, 1]",,,"[True, True, False]","[2.8703215408325193, 2.6505760582387445, 2.743872000776231]","[1.2147534608840942, 1.1828286361694336, 1.136060317993164]"
mbpo_stackcube_20261007T182651_ab48dfc3,StackCube-v1,mbpo,fit_start_restored,152000,75,79235,,,,,"[0, 1]",,,"[False, False, True]","[2.494500766277313, 2.675933328747749, 2.674415994629264]","[2.0470755310058593, 2.10264002263546, 2.14742549097538]"
mbpo_stackcube_20261007T182651_ab48dfc3,StackCube-v1,mbpo,fit_start_restored,154016,76,80312,,,,,"[0, 2]",,,"[True, True, True]","[1.8307525585889817, 1.8664298323988915, 1.8187198659181596]","[2.0142058539390564, 2.1587785148620604, 2.158104871749878]"
mbpo_stackcube_20261007T182651_ab48dfc3,StackCube-v1,mbpo,fit_start_restored,156000,77,81372,,,,,"[2, 1]",,,"[True, True, True]","[1.847168353497982, 1.9665138664245605, 1.9760710122436285]","[2.349290813446045, 2.337189479827881, 2.2708158740997315]"
mbpo_stackcube_20261007T182651_ab48dfc3,StackCube-v1,mbpo,fit_start_restored,160000,79,83510,,,,,"[0, 2]",,,"[True, True, False]","[1.607445278286934, 1.5963071360588075, 1.5509283230304718]","[1.4767067371681333, 1.6246895482540131, 1.6139093792438508]"
mbpo_stackcube_20261007T182651_ab48dfc3,StackCube-v1,mbpo,fit_start_restored,162016,80,84587,,,,,"[0, 1]",,,"[False, False, True]","[1.1588934842944145, 1.2183057015240193, 1.3696897761225701]","[0.3819265756607056, 0.4135600461959839, 0.4539603462219238]"
mbpo_stackcube_20261007T182651_ab48dfc3,StackCube-v1,mbpo,fit_start_restored,166016,82,86724,,,,,"[0, 1]",,,"[True, True, True]","[2.0429859045743943, 2.0897889679968356, 2.1009318335056304]","[1.3336314797401427, 1.4050362968444825, 1.6234267930984496]"
mbpo_stackcube_20261007T182651_ab48dfc3,StackCube-v1,mbpo,fit_start_restored,168000,83,87785,,,,,"[2, 1]",,,"[True, True, False]","[1.6575118536651134, 1.8018507163524629, 1.323075553894043]","[2.7366372693777086, 2.6800087718963623, 2.6747221925854685]"
mbpo_stackcube_20261007T182651_ab48dfc3,StackCube-v1,mbpo,fit_start_restored,172000,85,89922,,,,,"[1, 0]",,,"[True, True, True]","[2.8361060743331907, 2.2632980125546456, 2.3010231054127215]","[2.0748608512878417, 1.9208304147720336, 2.093447144985199]"
mbpo_stackcube_20261007T182651_ab48dfc3,StackCube-v1,mbpo,fit_start_restored,174016,86,90999,,,,,"[0, 1]",,,"[True, True, True]","[0.8655465208292007, 0.9526289603710174, 0.9100863209962845]","[1.584959095954895, 1.621705460548401, 1.6730366401672363]"
mbpo_stackcube_20261007T182651_ab48dfc3,StackCube-v1,mbpo,fit_start_restored,176000,87,92060,,,,,"[1, 0]",,,"[True, True, True]","[1.382236587166786, 1.4903002780228853, 1.3532929756045342]","[3.5672700424194335, 3.3408099892139433, 3.94758229637146]"
mbpo_stackcube_20261007T182651_ab48dfc3,StackCube-v1,mbpo,fit_start_restored,178016,88,93137,,,,,"[2, 0]",,,"[False, True, False]","[1.3708844542503358, 1.7907302638292313, 1.5878298604488372]","[3.3888375396728514, 3.46581139755249, 2.8650692138671876]"
mbpo_stackcube_20261007T182651_ab48dfc3,StackCube-v1,mbpo,fit_start_restored,182016,90,95274,,,,,"[2, 0]",,,"[True, False, False]","[1.6695497817993163, 1.5220437717437745, 1.5585556774139404]","[1.7305178294181824, 1.8641463840007781, 1.7136910145282744]"
mbpo_stackcube_20261007T182651_ab48dfc3,StackCube-v1,mbpo,fit_start_restored,184000,91,96335,,,,,"[2, 1]",,,"[True, True, True]","[0.6981982872486114, 0.8306490474939346, 0.7993978425115347]","[1.1753113951683045, 1.0780741424560547, 1.0321344861984252]"
mbpo_stackcube_20261007T182651_ab48dfc3,StackCube-v1,mbpo,fit_start_restored,188000,93,98472,,,,,"[0, 2]",,,"[True, False, True]","[1.6265892626047134, 0.6969133180379867, 1.4606870324611665]","[2.541180999159813, 2.710104062438011, 2.6547515466213225]"
mbpo_stackcube_20261007T182651_ab48dfc3,StackCube-v1,mbpo,fit_start_restored,190016,94,99549,,,,,"[2, 0]",,,"[False, True, False]","[0.9417610753774643, 1.0403912683725358, 1.0324265519678593]","[3.341877645492554, 3.442129768371582, 3.2649141120910645]"
mbpo_stackcube_20261007T182651_ab48dfc3,StackCube-v1,mbpo,fit_start_restored,192000,95,100610,,,,,"[1, 2]",,,"[False, True, False]","[0.5444030746221542, 0.6245322631448508, 0.5866489693894983]","[-0.15764363288879393, -0.22946517658233642, -0.17478838872909547]"
mbpo_stackcube_20261007T182651_ab48dfc3,StackCube-v1,mbpo,fit_start_restored,194016,96,101687,,,,,"[1, 2]",,,"[True, True, True]","[1.075904705643654, 1.2318097925186158, 1.0777771344184877]","[1.5186231210231782, 1.4562415793687105, 1.4812680197954178]"
mbpo_stackcube_20261007T182651_ab48dfc3,StackCube-v1,mbpo,fit_start_restored,196000,97,102747,,,,,"[1, 0]",,,"[True, False, False]","[1.6250480268001557, 1.7397621264345944, 1.6120244646072388]","[1.1706396865844726, 1.1078881878852844, 1.36124751329422]"
mbpo_stackcube_20261007T182651_ab48dfc3,StackCube-v1,mbpo,fit_start_restored,198016,98,103824,,,,,"[2, 0]",,,"[True, False, False]","[0.8897348960340024, 0.7571366561055184, 0.8822200499475003]","[0.7097758417129516, 0.8426306843757629, 0.7041368837356567]"
mbpo_stackcube_20261007T182651_ab48dfc3,StackCube-v1,mbpo,fit_start_restored,200000,99,104885,,,,,"[0, 1]",,,"[True, True, True]","[1.5244859725236892, 1.531882512331009, 1.6180000265240668]","[0.6076861181259156, 0.7809469962120056, 0.8440519299507141]"
mbpo_stackcube_20261007T182651_ab48dfc3,StackCube-v1,mbpo,fit_start_restored,202016,100,105968,,,,,"[0, 2]",,,"[True, False, False]","[1.3589460598826408, 1.2276828846056014, 1.0839256368875503]","[0.9388141067028045, 1.2188544816970825, 1.0744410517215728]"
mbpo_stackcube_20261007T182651_ab48dfc3,StackCube-v1,mbpo,fit_start_restored,204000,101,107028,,,,,"[2, 1]",,,"[False, False, True]","[0.9910931786298752, 0.9897291784286499, 1.0951082422733307]","[1.6888973999023438, 1.6609622707366944, 1.4891910610198975]"
mbpo_stackcube_20261007T182651_ab48dfc3,StackCube-v1,mbpo,fit_start_restored,206016,102,108105,,,,,"[0, 2]",,,"[False, True, False]","[1.0336251467764377, 1.2128727478981018, 1.0967421056739985]","[1.0264804821442812, 1.1027874493598937, 1.032530453145504]"
mbpo_stackcube_20261007T182651_ab48dfc3,StackCube-v1,mbpo,fit_start_restored,210016,104,110243,,,,,"[2, 1]",,,"[True, True, True]","[1.2834919689632953, 1.2843007806837559, 1.1981998677253722]","[1.628231023788452, 1.5364601602554322, 1.4772433910369873]"
mbpo_stackcube_20261007T182651_ab48dfc3,StackCube-v1,mbpo,fit_start_restored,212000,105,111303,,,,,"[2, 1]",,,"[False, False, True]","[0.9207151166200638, 1.1793226790577174, 1.2018724119663238]","[0.870451898097992, 0.8244987716674804, 0.7957079215049744]"
mbpo_stackcube_20261007T182651_ab48dfc3,StackCube-v1,mbpo,fit_start_restored,214016,106,112380,,,,,"[2, 1]",,,"[True, True, True]","[1.0980955891609192, 1.159135166168213, 1.115222056388855]","[0.9209626989364624, 0.8804684162139893, 0.8787154712677002]"
mbpo_stackcube_20261007T182651_ab48dfc3,StackCube-v1,mbpo,fit_start_restored,216000,107,113441,,,,,"[0, 1]",,,"[False, True, True]","[0.925473402261734, 0.977534649848938, 1.120399121761322]","[0.26180125284194944, 0.28213227689266207, 0.3117031817436218]"
mbpo_stackcube_20261007T182651_ab48dfc3,StackCube-v1,mbpo,fit_start_restored,218016,108,114518,,,,,"[2, 1]",,,"[False, True, True]","[0.6215665761828423, 0.8437866477966308, 0.7247313899993897]","[0.5195382490158081, 0.46509160709381103, 0.35259744691848754]"
mbpo_stackcube_20261007T182651_ab48dfc3,StackCube-v1,mbpo,fit_start_restored,220000,109,115578,,,,,"[0, 1]",,,"[True, False, False]","[0.5811004569530487, 0.45641849088668823, 0.6569886194467545]","[1.071900074660778, 1.085826710999012, 1.138282913208008]"
mbpo_stackcube_20261007T182651_ab48dfc3,StackCube-v1,mbpo,fit_start_restored,222016,110,116655,,,,,"[1, 0]",,,"[True, True, False]","[0.9212618743665516, 0.9591333282068372, 0.8062911902815103]","[1.7894598979949952, 1.610421531677246, 1.790075638771057]"
mbpo_stackcube_20261007T182651_ab48dfc3,StackCube-v1,mbpo,fit_start_restored,224000,111,117716,,,,,"[1, 0]",,,"[False, True, False]","[1.2367716524600982, 1.2668164509534836, 1.073324678182602]","[2.3190790734291076, 2.22969016456604, 2.4217959609031676]"
mbpo_stackcube_20261007T182651_ab48dfc3,StackCube-v1,mbpo,fit_start_restored,226016,112,118793,,,,,"[1, 0]",,,"[False, False, True]","[1.4173945071697236, 1.7570042107105255, 1.7667648346424103]","[1.766621509552002, 1.5787252902984619, 1.8582948837280273]"
mbpo_stackcube_20261007T182651_ab48dfc3,StackCube-v1,mbpo,fit_start_restored,228000,113,119853,,,,,"[1, 0]",,,"[False, True, True]","[1.4215551933050157, 1.5538622555583717, 1.7300848506689073]","[1.1582697834670543, 1.0890165677070618, 1.259253303527832]"
mbpo_stackcube_20261007T182651_ab48dfc3,StackCube-v1,mbpo,fit_start_restored,230016,114,120930,,,,,"[0, 2]",,,"[False, True, True]","[0.9862770862281323, 1.1111113661527634, 1.130653613895178]","[0.9073393974304199, 1.4374410667419433, 1.0045499482154847]"
mbpo_stackcube_20261007T182651_ab48dfc3,StackCube-v1,mbpo,fit_start_restored,232000,115,121991,,,,,"[0, 2]",,,"[True, False, False]","[0.7597004105597734, 0.7918627775907516, 0.6887046044096351]","[0.414221985578537, 0.467774049282074, 0.4355190088748932]"
mbpo_stackcube_20261007T182651_ab48dfc3,StackCube-v1,mbpo,fit_start_restored,234016,116,123068,,,,,"[0, 1]",,,"[True, True, False]","[1.0542393342610448, 1.111929370880127, 0.9246419916152954]","[1.6958590931892394, 1.8014333543777465, 1.9818992142677307]"
mbpo_stackcube_20261007T182651_ab48dfc3,StackCube-v1,mbpo,fit_start_restored,236000,117,124128,,,,,"[1, 0]",,,"[True, True, True]","[1.055155179977417, 1.0996903703212737, 1.0665485625267028]","[0.9945453877449035, 0.7626185202598572, 1.0651165280342103]"
mbpo_stackcube_20261007T182651_ab48dfc3,StackCube-v1,mbpo,fit_start_restored,238016,118,125205,,,,,"[0, 1]",,,"[False, True, False]","[0.5774073863327503, 0.6887207370996475, 0.6134781623166055]","[1.042851249217987, 1.0742426142692565, 1.1502400794029235]"
mbpo_stackcube_20261007T182651_ab48dfc3,StackCube-v1,mbpo,fit_start_restored,240000,119,126266,,,,,"[0, 2]",,,"[False, True, True]","[1.364265543460846, 1.7969438189566136, 1.7337546934485435]","[-0.018773527145385743, 0.06251957154273986, 0.04768538856506348]"
mbpo_stackcube_20261007T182651_ab48dfc3,StackCube-v1,mbpo,fit_start_restored,242016,120,127343,,,,,"[1, 2]",,,"[True, False, True]","[2.1768613580465317, 1.3217229062095284, 2.1000388813316824]","[-0.08658399075269699, -0.22244501757621765, -0.18559660959243773]"
mbpo_stackcube_20261007T182651_ab48dfc3,StackCube-v1,mbpo,fit_start_restored,244000,121,128403,,,,,"[2, 1]",,,"[False, True, True]","[0.7503286086320877, 0.9662660386562347, 1.0298933300971984]","[1.8368472681604326, 0.4602494924366474, 0.4494431845843792]"
mbpo_stackcube_20261007T182651_ab48dfc3,StackCube-v1,mbpo,fit_start_restored,246016,122,129480,,,,,"[1, 2]",,,"[False, False, True]","[0.4279786828160286, 0.44413039046525954, 0.6598430898785591]","[0.48535267210006716, 0.3222853937149048, 0.3360272755622864]"
mbpo_stackcube_20261007T182651_ab48dfc3,StackCube-v1,mbpo,fit_start_restored,248000,123,130541,,,,,"[0, 1]",,,"[True, True, True]","[0.3723762574195862, 0.31110352182388307, 0.3746570672541857]","[0.7801068115234375, 0.7954364776611328, 0.8437895469665527]"
mbpo_stackcube_20261007T182651_ab48dfc3,StackCube-v1,mbpo,fit_start_restored,250016,124,131618,,,,,"[0, 2]",,,"[True, False, False]","[0.6781532311439514, 0.7573889632225037, 0.632323168553412]","[0.940105845451355, 1.361124264717102, 1.3238270708024502]"
mbpo_stackcube_20261007T182651_ab48dfc3,StackCube-v1,mbpo,fit_start_restored,254016,126,133761,,,,,"[2, 0]",,,"[False, False, True]","[0.8574473374038935, 0.8895483352839947, 1.0245065900087356]","[3.285687088012695, 3.5903008732795714, 3.2180493049621584]"
mbpo_stackcube_20261007T182651_ab48dfc3,StackCube-v1,mbpo,fit_start_restored,258016,128,135899,,,,,"[1, 0]",,,"[True, False, False]","[1.089076941549778, 1.032979505777359, 1.0769442181587219]","[0.5520679366588592, 0.5232788436412811, 0.5788361437320709]"
mbpo_stackcube_20261007T182651_ab48dfc3,StackCube-v1,mbpo,fit_start_restored,262016,130,138036,,,,,"[1, 0]",,,"[False, False, True]","[0.6176531817913056, 0.6809453585147858, 0.7348618193864822]","[0.27129192304611205, 0.12347279036045075, 0.2906941189169884]"
mbpo_stackcube_20261007T182651_ab48dfc3,StackCube-v1,mbpo,fit_start_restored,266016,132,140174,,,,,"[0, 1]",,,"[True, False, False]","[0.6313626112937927, 0.6455192685723304, 0.6845466805994511]","[-0.12166463351249694, -0.10041684746742248, -0.029708104729652404]"
mbpo_stackcube_20261007T182651_ab48dfc3,StackCube-v1,mbpo,fit_start_restored,274016,136,144449,,,,,"[1, 0]",,,"[False, False, True]","[0.001824291706085205, 0.11304115843772888, 0.3055028787851334]","[-0.305939688205719, -0.3184575114250183, -0.20377195739746093]"
mbpo_stackcube_20261007T182651_ab48dfc3,StackCube-v1,mbpo,fit_start_restored,276000,137,145509,,,,,"[0, 1]",,,"[False, False, True]","[0.8232679188661277, 0.9712040649652481, 1.1505339074134826]","[-0.0361022469997406, 0.21987501406669616, 0.37749828994274137]"
mbpo_stackcube_20261007T182651_ab48dfc3,StackCube-v1,mbpo,fit_start_restored,278016,138,146586,,,,,"[1, 2]",,,"[False, True, True]","[0.06693959403038025, -0.0035068516731262206, 0.12403593069314957]","[2.5804140930175783, 2.2083357162475585, 2.380103286743164]"
mbpo_stackcube_20261007T182651_ab48dfc3,StackCube-v1,mbpo,fit_start_restored,280000,139,147647,,,,,"[1, 0]",,,"[True, False, False]","[0.49389669179916385, 0.3962542216777801, 0.46305620908737183]","[0.4865057740211487, 0.468328405380249, 0.5076496901512146]"
mbpo_stackcube_20261007T182651_ab48dfc3,StackCube-v1,mbpo,fit_start_restored,282016,140,148724,,,,,"[0, 1]",,,"[False, True, True]","[0.12172536659240722, 0.5114855365753174, 0.5293299932479858]","[0.9134779011011124, 1.5128614866733552, 1.6928748571574688]"
mbpo_stackcube_20261007T182651_ab48dfc3,StackCube-v1,mbpo,fit_start_restored,284000,141,149784,,,,,"[1, 2]",,,"[False, True, True]","[0.114516037940979, 0.26254334723949435, 0.40490890288352965]","[0.23370685815811157, -0.11115040969848633, -0.10929483938217163]"
mbpo_stackcube_20261007T182651_ab48dfc3,StackCube-v1,mbpo,fit_start_restored,286016,142,150861,,,,,"[0, 1]",,,"[True, False, False]","[0.5801389832496643, 0.2670369532108307, 0.4301973841190338]","[-0.25102641773223877, -0.1785593101978302, -0.09033487749099732]"
mbpo_stackcube_20261007T182651_ab48dfc3,StackCube-v1,mbpo,fit_start_restored,296000,147,156197,,,,,"[2, 0]",,,"[False, False, True]","[-0.13444048976898193, 0.6868956265449524, 0.14094644927978517]","[1.3325835342407226, 6.2941546001434325, 1.2459411125183106]"
mbpo_stackcube_20261007T182651_ab48dfc3,StackCube-v1,mbpo,fit_start_restored,298016,148,157274,,,,,"[1, 2]",,,"[False, False, True]","[0.7455351709127426, 0.7737952690124512, 1.620722225010395]","[-0.22783993816375733, -0.3359844846725464, -0.25108058881759643]"
mbpo_stackcube_20261007T182651_ab48dfc3,StackCube-v1,mbpo,fit_start_restored,302016,150,159417,,,,,"[0, 1]",,,"[True, True, False]","[0.8865736058950424, 0.8319235251545906, 0.802815163731575]","[0.5360063557624817, 0.561299747467041, 0.6239451065063476]"
mbpo_stackcube_20261007T182651_ab48dfc3,StackCube-v1,mbpo,fit_start_restored,308000,153,162615,,,,,"[0, 1]",,,"[True, True, False]","[1.173094449043274, 0.5646924910545349, 0.43837986096739767]","[0.08189379835128784, 0.09810864400863648, 0.22184240365028382]"
mbpo_stackcube_20261007T182651_ab48dfc3,StackCube-v1,mbpo,generation_reward_extreme,312000,155,164753,-2.3167405128479004,0.7444839477539062,-2.527831554412842,0.672003984451294,"[0, 1]",360000,362016,,,
mbpo_stackcube_20261007T182651_ab48dfc3,StackCube-v1,mbpo,fit_start_restored,314016,156,165830,,,,,"[2, 1]",,,"[False, False, True]","[0.22962143361568452, 0.027221782684326172, 0.9467299548387528]","[42.406486981868746, 0.7032390608787537, 0.6861387124061584]"
mbpo_stackcube_20261007T182651_ab48dfc3,StackCube-v1,mbpo,fit_start_restored,316000,157,166890,,,,,"[1, 0]",,,"[False, True, True]","[0.7778902792930603, 5.074036278963089, 0.988451143026352]","[0.4587012958526611, 0.37550957584381106, 0.521567042350769]"
mbpo_stackcube_20261007T182651_ab48dfc3,StackCube-v1,mbpo,fit_start_restored,318016,158,167967,,,,,"[2, 1]",,,"[True, True, True]","[-0.35126509761810304, -0.49655392146110533, -0.37487167078256606]","[1.64872536945343, 1.4988304767608642, 1.395487587928772]"
mbpo_stackcube_20261007T182651_ab48dfc3,StackCube-v1,mbpo,fit_start_restored,320000,159,169028,,,,,"[1, 0]",,,"[False, True, True]","[0.6835242697000503, 0.5566750935912133, 0.7303561491966247]","[0.040247988700866696, -0.06825688648223877, 0.11908908081054688]"
mbpo_stackcube_20261007T182651_ab48dfc3,StackCube-v1,mbpo,fit_start_restored,322016,160,170105,,,,,"[2, 0]",,,"[False, True, False]","[0.528759654134512, 0.47512173461914065, 0.5517721840143204]","[-0.22484517288208009, -0.045634985446929933, -0.25282429575920107]"
mbpo_stackcube_20261007T182651_ab48dfc3,StackCube-v1,mbpo,fit_start_restored,324000,161,171165,,,,,"[2, 1]",,,"[False, True, False]","[0.26118666005134583, 0.05368222123384476, 0.18553801295906305]","[15.29684710533917, 0.02230637413263321, -0.08446257485449314]"
mbpo_stackcube_20261007T182651_ab48dfc3,StackCube-v1,mbpo,fit_start_restored,326016,162,172242,,,,,"[0, 1]",,,"[False, True, False]","[-0.4344681212902069, -0.45255568170547483, -0.36541096325218675]","[0.2829985247850418, 0.3354408061504364, 0.4531246199607849]"
mbpo_stackcube_20261007T182651_ab48dfc3,StackCube-v1,mbpo,fit_start_restored,328000,163,173303,,,,,"[1, 0]",,,"[False, True, False]","[-0.20687108120322228, -0.03637852247804403, -0.03903181555867195]","[0.012790077924728393, -0.025828399658203126, 0.0910881335735321]"
mbpo_stackcube_20261007T182651_ab48dfc3,StackCube-v1,mbpo,fit_start_restored,330016,164,174380,,,,,"[1, 2]",,,"[True, True, False]","[0.8491409649848938, 0.4074259848594666, 0.4543801918029785]","[1.9789055881500244, 0.8594897193908692, 1.0039095649719239]"
mbpo_stackcube_20261007T182651_ab48dfc3,StackCube-v1,mbpo,fit_start_restored,332000,165,175440,,,,,"[1, 0]",,,"[True, True, False]","[0.7864004875421524, 0.6091925172805787, 0.6742684173583985]","[-0.6490216813087464, -0.6651740684509277, -0.605253261089325]"
mbpo_stackcube_20261007T182651_ab48dfc3,StackCube-v1,mbpo,fit_start_restored,336000,167,177578,,,,,"[0, 1]",,,"[True, True, True]","[0.05367588472366333, -0.09451556825637818, 0.08706500041484833]","[0.11339218378067016, 0.12682499694824217, 0.19112649381160737]"
mbpo_stackcube_20261007T182651_ab48dfc3,StackCube-v1,mbpo,fit_start_restored,338016,168,178655,,,,,"[0, 1]",,,"[True, True, True]","[-0.03544283390045166, -0.005962481141090393, 0.5906140404641629]","[-0.21043025374412536, -0.1380359354019165, 0.012724170923233032]"
mbpo_stackcube_20261007T182651_ab48dfc3,StackCube-v1,mbpo,fit_start_restored,340000,169,179715,,,,,"[1, 0]",,,"[True, True, True]","[0.13371084237098693, 0.11120314311981201, 0.20523136138916015]","[-0.7478302907943726, -0.7559969358444214, -0.629736526966095]"
mbpo_stackcube_20261007T182651_ab48dfc3,StackCube-v1,mbpo,fit_start_restored,342016,170,180792,,,,,"[1, 0]",,,"[False, True, False]","[0.05201110768318176, 0.21798960161209108, 0.24068589374423027]","[-0.3413071776032448, -0.3875728192329407, -0.20693676280975343]"
mbpo_stackcube_20261007T182651_ab48dfc3,StackCube-v1,mbpo,fit_start_restored,344000,171,181853,,,,,"[2, 1]",,,"[False, True, True]","[-0.33528861045837405, -0.2156840810775757, 0.01263422966003418]","[1.2072184038162233, 0.8566524033546448, 0.8476956539154052]"
mbpo_stackcube_20261007T182651_ab48dfc3,StackCube-v1,mbpo,fit_start_restored,346016,172,182930,,,,,"[0, 2]",,,"[False, True, True]","[-0.22108398246765137, -0.09487477338314057, 0.6609761309027672]","[0.3897828097343445, 0.5797626819610596, 0.5633777877092362]"
mbpo_stackcube_20261007T182651_ab48dfc3,StackCube-v1,mbpo,fit_start_restored,348000,173,183990,,,,,"[1, 0]",,,"[True, True, True]","[-0.49175617623329165, -0.46228842890262606, -0.250768434882164]","[1.4331427130699157, 1.348566665649414, 1.5730807917118073]"
mbpo_stackcube_20261007T182651_ab48dfc3,StackCube-v1,mbpo,fit_start_restored,350016,174,185067,,,,,"[0, 2]",,,"[True, True, True]","[-0.23230344343185425, -0.23589123916625976, -0.07218592521548271]","[-0.3586488399505615, 0.06779205513000489, 0.04524123287200928]"
mbpo_stackcube_20261007T182651_ab48dfc3,StackCube-v1,mbpo,fit_start_restored,352000,175,186134,,,,,"[0, 1]",,,"[False, False, True]","[0.486046840429306, 0.5379324507713318, 0.7222890870571137]","[-0.6269841542243958, -0.4593408396244049, -0.3890170328617096]"
mbpo_stackcube_20261007T182651_ab48dfc3,StackCube-v1,mbpo,fit_start_restored,354016,176,187211,,,,,"[0, 1]",,,"[False, False, True]","[-0.012579360127449035, -0.05138101649284363, 0.19184750723838806]","[-0.1204966253042221, -0.09310442614555359, 0.07153311276435852]"
mbpo_stackcube_20261007T182651_ab48dfc3,StackCube-v1,mbpo,fit_start_restored,356000,177,188271,,,,,"[0, 1]",,,"[False, False, True]","[0.21848622798919679, 0.23116084909439086, 0.50338067060709]","[0.033945134043693544, 0.05574710261821747, 0.1646572570800781]"
mbpo_stackcube_20261007T182651_ab48dfc3,StackCube-v1,mbpo,fit_start_restored,358016,178,189348,,,,,"[0, 1]",,,"[True, False, False]","[-0.24018210911750792, -0.30048717761039734, -0.22127159786224365]","[-0.257089732170105, -0.20015740042924882, -0.04708499717712402]"
mbpo_stackcube_20261007T182651_ab48dfc3,StackCube-v1,mbpo,fit_start_restored,360000,179,190409,,,,,"[0, 1]",,,"[True, True, False]","[0.06763411688804627, 0.42076486825942994, 0.16902692532539368]","[0.1427861909866333, 0.1828514540195465, 0.2604686245918274]"
mbpo_stackcube_20261007T182651_ab48dfc3,StackCube-v1,mbpo,fit_start_restored,362016,180,191486,,,,,"[2, 1]",,,"[True, False, True]","[0.015272903442382812, -0.015225025177001953, 0.19028646421432496]","[0.9162296552658081, 0.595281837940216, 0.5609103515148163]"
mbpo_stackcube_20261007T182651_ab48dfc3,StackCube-v1,mbpo,fit_start_restored,368000,183,194684,,,,,"[1, 0]",,,"[True, True, True]","[0.01536841893196106, 0.09981214189529419, 0.18670947694778442]","[-0.4955691270828247, -0.5004227972030639, -0.3915012264251709]"
mbpo_stackcube_20261007T182651_ab48dfc3,StackCube-v1,mbpo,fit_start_restored,370016,184,195761,,,,,"[1, 0]",,,"[True, True, True]","[-0.13836221575736998, -0.12521835273504256, 0.065365797996521]","[-0.1272674140930176, -0.1493034143447876, 0.08443309831619263]"
mbpo_stackcube_20261007T182651_ab48dfc3,StackCube-v1,mbpo,fit_start_restored,372000,185,196821,,,,,"[1, 0]",,,"[True, True, True]","[0.15104809582233428, 0.21973771810531617, 0.4411755954027176]","[-0.39421546459198, -0.4570790281295776, -0.2897837166786194]"
mbpo_stackcube_20261007T182651_ab48dfc3,StackCube-v1,mbpo,fit_start_restored,374016,186,197898,,,,,"[0, 1]",,,"[True, True, True]","[0.001994232177734375, 0.09861075830459595, 0.1727588300704956]","[-0.4071263484954834, -0.36895132064819336, -0.20215156173706056]"
mbpo_stackcube_20261007T182651_ab48dfc3,StackCube-v1,mbpo,fit_start_restored,380000,189,201096,,,,,"[0, 1]",,,"[True, False, True]","[-0.2814957666397095, -0.38129483819007876, -0.19238631248474122]","[-0.311328167617321, -0.27600375378131864, -0.09421503400802612]"
mbpo_stackcube_20261007T182651_ab48dfc3,StackCube-v1,mbpo,fit_start_restored,382016,190,202173,,,,,"[0, 1]",,,"[False, False, True]","[-0.5657044928073883, -0.6460642709732055, -0.37103283727169034]","[0.14413187313079834, 0.1633588972091675, 0.2185751004219055]"
mbpo_stackcube_20261007T182651_ab48dfc3,StackCube-v1,mbpo,fit_start_restored,384000,191,203234,,,,,"[1, 2]",,,"[False, True, True]","[-0.7596024315357208, -0.7235066995620728, -0.5009980206489563]","[-0.001717900037765503, -0.2559174022674561, -0.0949163761138916]"
mbpo_stackcube_20261007T182651_ab48dfc3,StackCube-v1,mbpo,fit_start_restored,386016,192,204311,,,,,"[1, 0]",,,"[False, False, True]","[-0.5694710063934326, -0.6326527814865113, -0.35706543231010435]","[0.31682198858261107, 0.09943809270858765, 0.4168530898094177]"
mbpo_stackcube_20261007T182651_ab48dfc3,StackCube-v1,mbpo,fit_start_restored,388000,193,205371,,,,,"[0, 1]",,,"[False, True, False]","[-0.2486614449620247, -0.05885025717318058, -0.172464404463768]","[-0.7948951992988587, -0.7584143509864807, -0.6270874160081148]"
mbpo_stackcube_20261007T182651_ab48dfc3,StackCube-v1,mbpo,fit_start_restored,390016,194,206448,,,,,"[0, 1]",,,"[False, False, True]","[-0.009464751720428467, 0.034693506240844725, 0.33188741075992584]","[-0.7245933704376221, -0.5883727855682374, -0.39305039167404177]"
mbpo_stackcube_20261007T182651_ab48dfc3,StackCube-v1,mbpo,fit_start_restored,394016,196,208586,,,,,"[0, 1]",,,"[False, True, False]","[0.0005580992698669434, 0.21328357791900635, 0.20671493446826936]","[0.04751102256774902, 0.08761043787002563, 0.1728916416168213]"
mbpo_stackcube_20261007T182651_ab48dfc3,StackCube-v1,mbpo,fit_start_restored,402016,200,212867,,,,,"[1, 2]",,,"[True, False, False]","[-0.2531393699645996, -0.34620033264160155, -0.152662841796875]","[24.146722732782365, -0.2769556746482849, -0.1604937138557434]"
mbpo_stackcube_20261007T182651_ab48dfc3,StackCube-v1,mbpo,generation_reward_extreme,404000,201,213927,-1.0085707902908325,1.0077577829360962,-1.024411916732788,0.9367432594299316,"[0, 2]",452000,454016,,,
mbpo_stackcube_20261007T182651_ab48dfc3,StackCube-v1,mbpo,fit_start_restored,408000,203,216065,,,,,"[0, 1]",,,"[True, False, True]","[0.6492970416545868, 0.4939676465988159, 0.9858163042068482]","[-0.18318135261535645, -0.16625443172454835, -0.05122940599918366]"
mbpo_stackcube_20261007T182651_ab48dfc3,StackCube-v1,mbpo,fit_start_restored,410016,204,217142,,,,,"[1, 2]",,,"[True, False, False]","[0.07691136215627194, -0.15619291573762895, -0.2061310367230326]","[0.03672506070137024, -0.17094065594673158, -0.09892363816499711]"
mbpo_stackcube_20261007T182651_ab48dfc3,StackCube-v1,mbpo,fit_start_restored,412000,205,218202,,,,,"[0, 1]",,,"[True, True, False]","[-0.24256165981292724, -0.18336400544643403, -0.5183445019721985]","[0.07224036026000977, 0.29654990577697754, 0.4273414077758789]"
mbpo_stackcube_20261007T182651_ab48dfc3,StackCube-v1,mbpo,fit_start_restored,414016,206,219279,,,,,"[1, 0]",,,"[False, True, True]","[-0.5810599405169486, -0.4848882632516325, -0.4694965049028397]","[-0.3418810057640076, -0.5381863985061646, -0.33484061813354493]"
mbpo_stackcube_20261007T182651_ab48dfc3,StackCube-v1,mbpo,fit_start_restored,416000,207,220340,,,,,"[2, 1]",,,"[True, True, False]","[17.290975078105927, 0.25866906356811525, 1.124310881137848]","[-0.4812225227355957, -0.5869391822814941, -0.697934142112732]"
mbpo_stackcube_20261007T182651_ab48dfc3,StackCube-v1,mbpo,fit_start_restored,422016,210,223554,,,,,"[1, 0]",,,"[True, False, True]","[-0.2081143832206726, -0.41656463432312013, -0.21695928859710695]","[-0.6093693242073059, -0.6441560635566711, -0.5632543487548828]"
mbpo_stackcube_20261007T182651_ab48dfc3,StackCube-v1,mbpo,fit_start_restored,424000,211,224615,,,,,"[2, 1]",,,"[True, False, False]","[-0.520922297000885, -0.6060152373313904, -0.479332142829895]","[1.8821844854354859, -0.7242984476089478, -0.7538673219680786]"
mbpo_stackcube_20261007T182651_ab48dfc3,StackCube-v1,mbpo,fit_start_restored,426016,212,225692,,,,,"[1, 0]",,,"[True, False, True]","[-0.3001658682823181, -0.02425171184539795, 0.062229258537292484]","[-0.6251456308364868, -0.6725924320220947, -0.5087823858261108]"
mbpo_stackcube_20261007T182651_ab48dfc3,StackCube-v1,mbpo,fit_start_restored,428000,213,226752,,,,,"[0, 1]",,,"[True, False, False]","[-0.3214906496405602, -0.2811078096926212, -0.2604694483280182]","[-0.2876767807006836, -0.18696527671813964, 0.05945470428466797]"
mbpo_stackcube_20261007T182651_ab48dfc3,StackCube-v1,mbpo,fit_start_restored,430016,214,227829,,,,,"[1, 0]",,,"[True, False, False]","[-0.7413629555702209, -0.8564834191799163, -0.7195647745132446]","[-0.05098896765708923, -0.06677013778686523, 0.07387856912612915]"
mbpo_stackcube_20261007T182651_ab48dfc3,StackCube-v1,mbpo,fit_start_restored,432000,215,228890,,,,,"[1, 2]",,,"[True, False, False]","[0.01675887393951416, -0.5901901514530182, -0.47715042233467103]","[-0.5247926936149597, -0.6313998551368714, -0.5743904361724853]"
mbpo_stackcube_20261007T182651_ab48dfc3,StackCube-v1,mbpo,fit_start_restored,434016,216,229967,,,,,"[0, 1]",,,"[True, False, False]","[0.11698387002944946, -0.5969048926830292, 0.17590713381767273]","[-1.0452881803512573, -0.9547448728084564, -0.3623795967102051]"
mbpo_stackcube_20261007T182651_ab48dfc3,StackCube-v1,mbpo,fit_start_restored,440000,219,233165,,,,,"[2, 1]",,,"[True, True, True]","[0.8891448879241943, -0.12125154945254325, 4.1534203412234785]","[-0.07955826568603516, -0.36893182373046873, -0.7982669582366944]"
mbpo_stackcube_20261007T182651_ab48dfc3,StackCube-v1,mbpo,fit_start_restored,442016,220,234242,,,,,"[1, 2]",,,"[False, True, False]","[-0.6694435977935791, -0.5252487045526505, 0.448737557888031]","[-0.5983258633613586, -0.7548839902877807, -0.7328252701759338]"
mbpo_stackcube_20261007T182651_ab48dfc3,StackCube-v1,mbpo,fit_start_restored,444000,221,235302,,,,,"[0, 1]",,,"[True, True, False]","[-0.09045964935421943, -0.1738202697634697, -0.18883605259656905]","[-0.9240747838020325, -0.8907319407463073, 3.1890562682151793]"
mbpo_stackcube_20261007T182651_ab48dfc3,StackCube-v1,mbpo,fit_start_restored,446016,222,236379,,,,,"[0, 1]",,,"[True, False, False]","[-0.5334461881518364, -0.6047510585784912, -0.736874605178833]","[0.10416497945785523, 0.16563167095184325, 3.8117457580566407]"
mbpo_stackcube_20261007T182651_ab48dfc3,StackCube-v1,mbpo,fit_start_restored,448000,223,237440,,,,,"[1, 0]",,,"[True, False, True]","[-0.8639261656999588, -1.081282526254654, 1.9829729777574538]","[0.17728582525253295, 0.025119109153747557, 0.8958473973274231]"
mbpo_stackcube_20261007T182651_ab48dfc3,StackCube-v1,mbpo,fit_start_restored,452000,225,239583,,,,,"[1, 0]",,,"[True, False, False]","[-0.47821360313892364, -0.5782990398406982, -0.8071766834259033]","[-0.33341681241989135, -0.33914210414886475, -0.3254117593765259]"
mbpo_stackcube_20261007T182651_ab48dfc3,StackCube-v1,mbpo,fit_start_restored,454016,226,240660,,,,,"[2, 1]",,,"[True, True, True]","[-0.43388124465942385, -0.5052592926025391, -0.467144252538681]","[0.3528313789367676, 0.291994562625885, 0.2522065892219543]"
mbpo_stackcube_20261007T182651_ab48dfc3,StackCube-v1,mbpo,fit_start_restored,456000,227,241721,,,,,"[0, 1]",,,"[False, True, True]","[-0.7792727785110474, -0.749427969455719, -0.4664623622894287]","[-1.1568682022094727, -1.117191469192505, -1.032480556488037]"
mbpo_stackcube_20261007T182651_ab48dfc3,StackCube-v1,mbpo,fit_start_restored,460000,229,243858,,,,,"[1, 0]",,,"[False, True, True]","[-0.7382020044326782, -0.8137630753666163, 0.022763415813446045]","[-1.1570524458885192, -1.1961441097259522, -1.1199873418807984]"
mbpo_stackcube_20261007T182651_ab48dfc3,StackCube-v1,mbpo,fit_start_restored,466016,232,247073,,,,,"[2, 1]",,,"[False, True, False]","[-0.3185976791381836, -0.4054948921203613, -0.6264636363983155]","[0.10157585668563843, 0.01567266321182251, 0.009151589393615723]"
mbpo_stackcube_20261007T182651_ab48dfc3,StackCube-v1,mbpo,fit_start_restored,468000,233,248133,,,,,"[0, 1]",,,"[True, True, True]","[-0.08541284751892089, -0.14151453876495362, 0.2759626907110214]","[-1.0242286262512208, -1.0202149715423583, -0.9694244165420532]"
mbpo_stackcube_20261007T182651_ab48dfc3,StackCube-v1,mbpo,fit_start_restored,470016,234,249210,,,,,"[0, 1]",,,"[False, False, True]","[-0.6429140937328338, -0.7138649952411652, 0.5966031497716904]","[-1.1899732089042663, -1.1538183345794677, -1.1072861580848694]"
mbpo_stackcube_20261007T182651_ab48dfc3,StackCube-v1,mbpo,fit_start_restored,472000,235,250271,,,,,"[0, 1]",,,"[True, True, False]","[0.10944161128997802, 0.06779897859692574, -0.6659916009902954]","[-1.0525125360488892, -1.0351799097061156, -0.7254826455116272]"
mbpo_stackcube_20261007T182651_ab48dfc3,StackCube-v1,mbpo,fit_start_restored,474016,236,251348,,,,,"[0, 2]",,,"[True, False, False]","[-0.21560911107063294, -0.5342851667068899, -0.4460526818409562]","[-1.1468915128707886, -1.0439600442647934, -1.0476120252609253]"
mbpo_stackcube_20261007T182651_ab48dfc3,StackCube-v1,mbpo,fit_start_restored,478016,238,253485,,,,,"[0, 2]",,,"[False, True, False]","[-0.5331788366436958, -0.5146522603034973, -0.6447586913108826]","[-0.34859777498245237, -0.27620014572143553, -0.276389995098114]"
mbpo_stackcube_20261007T182651_ab48dfc3,StackCube-v1,mbpo,fit_start_restored,480000,239,254546,,,,,"[2, 0]",,,"[False, False, True]","[-0.22642730474472045, -0.41276692639291285, -0.12838662123680114]","[-0.34670678901672364, -0.22342312908172607, -0.6181403288841247]"
mbpo_stackcube_20261007T182651_ab48dfc3,StackCube-v1,mbpo,fit_start_restored,482016,240,255623,,,,,"[0, 2]",,,"[True, False, True]","[-0.27370418345928194, -0.5649429533481598, -0.16860599192976952]","[-0.27337811183929445, -0.12061712646484375, -0.24555452060699462]"
mbpo_stackcube_20261007T182651_ab48dfc3,StackCube-v1,mbpo,fit_start_restored,484000,241,256683,,,,,"[0, 2]",,,"[False, True, False]","[-0.27401374173164367, 8.451225331306457, -0.30221534872055056]","[0.1385816864967346, 0.6904812140464782, 0.5360252370834351]"
mbpo_stackcube_20261007T182651_ab48dfc3,StackCube-v1,mbpo,fit_start_restored,486016,242,257760,,,,,"[0, 1]",,,"[True, False, True]","[-0.33430794191360474, -0.4658733606338501, -0.3705455049276352]","[-0.4811339235305786, 1.621340085029602, 1.9890499830245971]"
mbpo_stackcube_20261007T182651_ab48dfc3,StackCube-v1,mbpo,fit_start_restored,488000,243,258821,,,,,"[1, 2]",,,"[True, True, True]","[-0.5440980528593063, -0.004176884293556214, 0.09911820840835571]","[-0.8264680700302124, -0.8892805871963501, -0.8369102630615234]"
mbpo_stackcube_20261007T182651_ab48dfc3,StackCube-v1,mbpo,fit_start_restored,492000,245,260958,,,,,"[1, 2]",,,"[True, False, True]","[-0.06436952447891235, -0.3625712652206421, -0.1328637866973877]","[-0.9614360294342041, -1.099348521232605, -1.0525176496505737]"
mbpo_stackcube_20261007T182651_ab48dfc3,StackCube-v1,mbpo,fit_start_restored,496000,247,263096,,,,,"[1, 0]",,,"[True, False, True]","[-0.6688829662799836, -0.8387037909030914, -0.41835690903663636]","[-1.0875578346252441, -1.1651813583374024, -1.0805851106643676]"
mbpo_stackcube_20261007T182651_ab48dfc3,StackCube-v1,mbpo,fit_start_restored,498016,248,264173,,,,,"[0, 2]",,,"[False, True, False]","[-1.0587845058441163, -0.9869305114746094, -0.9482869083881378]","[-0.5832564697265625, -0.384248628616333, -0.5506277503967285]"
mbpo_stackcube_20261007T182651_ab48dfc3,StackCube-v1,mbpo,fit_start_restored,500000,249,265233,,,,,"[1, 0]",,,"[True, True, False]","[-0.6127041020393371, -0.4349109926223755, 24.24523389148712]","[-0.5959495596885681, -0.6416422243118286, -0.44723120546340944]"
