run,task,algorithm,kind,step,refit,members,train_nll,holdout_nll,elites,value,maximum,elite_mean_min,elite_mean_max,last_retained_refit_step,fully_evicted_step
mbpo_pushcube_500k_20261007T094728_f9d45348,PushCube-v1,mbpo,fit_start_restored,6016,2,"[True, False, False]","[0.26265139010599986, 0.09679795172682379, 0.10113431789629578]","[0.3171837557407587, 0.15804746762809907, 0.22588846071972415]","[1, 2]",,,,,,
mbpo_pushcube_500k_20261007T094728_f9d45348,PushCube-v1,mbpo,fit_start_restored,18016,8,"[False, True, False]","[-1.655611629486084, -1.645335283279419, -1.748617073059082]","[-1.7157926921844482, -1.7098843183517456, -1.6913590574264525]","[0, 1]",,,,,,
mbpo_pushcube_500k_20261007T094728_f9d45348,PushCube-v1,mbpo,fit_start_restored,24000,11,"[False, False, True]","[-1.5726607351303101, -1.5778173742294312, -1.5184294118881225]","[-1.4649009923934937, -1.4899030055999756, -1.4538711795806885]","[1, 0]",,,,,,
mbpo_pushcube_500k_20261007T094728_f9d45348,PushCube-v1,mbpo,fit_start_restored,26016,12,"[True, False, False]","[-0.6770633590221405, -1.3741448745727538, -1.2876555709838866]","[-1.485960555076599, -1.5491092710494996, -1.3710451374053956]","[1, 0]",,,,,,
mbpo_pushcube_500k_20261007T094728_f9d45348,PushCube-v1,mbpo,fit_start_restored,32000,15,"[True, False, True]","[-1.0046200218200683, -1.1836617107391358, -1.027062002182007]","[-1.0001869831085206, -1.143765643119812, -1.0033962564468384]","[1, 2]",,,,,,
mbpo_pushcube_500k_20261007T094728_f9d45348,PushCube-v1,mbpo,fit_start_restored,36000,17,"[False, False, True]","[-0.9552305941581726, -1.123429060935974, -0.945688810825348]","[-0.8744526300430298, -0.9936874122619629, -0.8292825784683228]","[1, 0]",,,,,,
mbpo_pushcube_500k_20261007T094728_f9d45348,PushCube-v1,mbpo,fit_start_restored,46016,22,"[False, True, False]","[-0.5952931311130524, -0.6070268346071244, -0.5616850080490112]","[-0.6375100746154785, -0.7570236010551452, -0.6091307394504547]","[1, 0]",,,,,,
mbpo_pushcube_500k_20261007T094728_f9d45348,PushCube-v1,mbpo,fit_start_restored,52000,25,"[False, True, False]","[-0.6838034055493772, -0.7063674104809761, -0.6460475861430168]","[-0.5257519733905792, -0.10557548999786377, -0.5460371885299683]","[2, 0]",,,,,,
mbpo_pushcube_500k_20261007T094728_f9d45348,PushCube-v1,mbpo,fit_start_restored,58016,28,"[False, True, False]","[-0.6624762433767318, -0.6264951985925437, -0.6026721782684327]","[-0.5491076416969299, -0.44796211528778074, -0.5293568420410156]","[0, 2]",,,,,,
mbpo_pushcube_500k_20261007T094728_f9d45348,PushCube-v1,mbpo,fit_start_restored,60000,29,"[True, False, True]","[-0.554829603433609, -0.6245737459659576, -0.5304015550613403]","[-0.8320143432617187, -0.8457764210700989, -0.8083228294849396]","[1, 0]",,,,,,
mbpo_pushcube_500k_20261007T094728_f9d45348,PushCube-v1,mbpo,fit_start_restored,62016,30,"[True, True, False]","[-0.5580401381254196, 0.254442982673645, -0.6350809633731842]","[-0.5955705909729004, -0.6322902221679687, -0.5793397898674011]","[1, 0]",,,,,,
mbpo_pushcube_500k_20261007T094728_f9d45348,PushCube-v1,mbpo,fit_start_restored,64000,31,"[True, False, True]","[-0.5330220305919647, -0.6240692771673203, -0.5972485737800598]","[-0.4696647071838379, -0.43060427951812746, -0.3913264212608337]","[0, 1]",,,,,,
mbpo_pushcube_500k_20261007T094728_f9d45348,PushCube-v1,mbpo,fit_start_restored,66016,32,"[False, False, True]","[-0.4549824032783508, -0.3706372920870781, -0.2388811844587326]","[-0.5027422906160355, -0.5396109002232552, -0.44345828871428966]","[1, 0]",,,,,,
mbpo_pushcube_500k_20261007T094728_f9d45348,PushCube-v1,mbpo,fit_start_restored,68000,33,"[False, False, True]","[-0.3242882701158524, -0.4405628522634506, -0.30611647672206166]","[-0.38388036453723906, -0.38126887822151184, -0.2816246776580811]","[0, 1]",,,,,,
mbpo_pushcube_500k_20261007T094728_f9d45348,PushCube-v1,mbpo,fit_start_restored,70016,34,"[True, False, True]","[-0.0740497168675065, -0.40597227573394773, -0.23706659771339036]","[-0.16491155624389647, -0.27346704149246215, -0.23828644514083863]","[1, 2]",,,,,,
mbpo_pushcube_500k_20261007T094728_f9d45348,PushCube-v1,mbpo,fit_start_restored,72000,35,"[False, False, True]","[-0.6450942897796631, -0.6794454483985901, -0.5270029590725899]","[-0.1472922315597534, -0.23218864050507546, -0.005123560547828674]","[1, 0]",,,,,,
mbpo_pushcube_500k_20261007T094728_f9d45348,PushCube-v1,mbpo,fit_start_restored,74016,36,"[False, False, True]","[-0.5681790945529938, -0.6283178505897522, -0.37611044585332276]","[-0.5145913686752319, -0.5408956255912781, -0.340837571144104]","[1, 0]",,,,,,
mbpo_pushcube_500k_20261007T094728_f9d45348,PushCube-v1,mbpo,fit_start_restored,78016,38,"[False, False, True]","[-0.5458511771559715, -0.5893827998638153, -0.3558670403957367]","[-0.6023682243824006, -0.6501932075023651, -0.4985638163089752]","[1, 0]",,,,,,
mbpo_pushcube_500k_20261007T094728_f9d45348,PushCube-v1,mbpo,fit_start_restored,82016,40,"[False, False, True]","[-0.5982590444684028, -0.6354705075621605, -0.4624586284160614]","[-0.5377403359413147, -0.5683534240722656, -0.3432437706589699]","[1, 0]",,,,,,
mbpo_pushcube_500k_20261007T094728_f9d45348,PushCube-v1,mbpo,fit_start_restored,84000,41,"[True, True, True]","[-0.5964528548419475, -0.5967128339409828, -0.3633748272061348]","[-0.6349340238571167, -0.6916720361709595, -0.5487123746871948]","[1, 0]",,,,,,
mbpo_pushcube_500k_20261007T094728_f9d45348,PushCube-v1,mbpo,fit_start_restored,86016,42,"[True, True, True]","[-0.4637409211397171, -0.468290540933609, -0.3271314164400101]","[-0.4406783998012543, -0.47126608109474183, -0.33930240535736084]","[1, 0]",,,,,,
mbpo_pushcube_500k_20261007T094728_f9d45348,PushCube-v1,mbpo,fit_start_restored,88000,43,"[True, True, False]","[-0.5904578375816345, -0.6029241969585418, -0.5419018337726593]","[-0.35343537813425063, -0.3793125874400139, -0.28422121477127077]","[1, 0]",,,,,,
mbpo_pushcube_500k_20261007T094728_f9d45348,PushCube-v1,mbpo,fit_start_restored,90016,44,"[True, True, False]","[-0.37820548164844514, -0.4056994270319119, -0.30260571867227554]","[-0.08229780673980713, -0.13175968146324157, 0.04658010315895081]","[1, 0]",,,,,,
mbpo_pushcube_500k_20261007T094728_f9d45348,PushCube-v1,mbpo,fit_start_restored,92000,45,"[True, True, True]","[-0.45388664814829827, -0.3066955728530884, 0.008315542280673981]","[-0.7184498949050904, -0.7582650017738343, -0.6026130437850952]","[1, 0]",,,,,,
mbpo_pushcube_500k_20261007T094728_f9d45348,PushCube-v1,mbpo,fit_start_restored,100000,49,"[True, True, True]","[-0.651831704467535, -0.5840733608007431, -0.4696821954250336]","[-0.5598229427337647, -0.5627042641639709, -0.4874610939025879]","[1, 0]",,,,,,
mbpo_pushcube_500k_20261007T094728_f9d45348,PushCube-v1,mbpo,fit_start_restored,104000,51,"[True, True, True]","[-0.5058133687973022, -0.25251177644729617, -0.4429942205250263]","[-0.6255366048812866, -0.6532046484947205, -0.5727207207679749]","[1, 0]",,,,,,
mbpo_pushcube_500k_20261007T094728_f9d45348,PushCube-v1,mbpo,fit_start_restored,108000,53,"[True, False, False]","[-0.7700044612884521, -0.8181369681358337, -0.7230534138679504]","[-0.5938763675689698, -0.6290134119987488, -0.581076325416565]","[1, 0]",,,,,,
mbpo_pushcube_500k_20261007T094728_f9d45348,PushCube-v1,mbpo,fit_start_restored,112000,55,"[True, True, False]","[-0.5598705697208642, -0.6231898103952408, -0.5775400987565518]","[-0.6015493156909942, -0.5752159042358398, -0.5691435885429382]","[0, 1]",,,,,,
mbpo_pushcube_500k_20261007T094728_f9d45348,PushCube-v1,mbpo,fit_start_restored,114016,56,"[True, False, False]","[-0.7979102852344513, -0.858123231768608, -0.8087364573478699]","[-0.7601451759338379, -0.778375850200653, -0.7115092058181762]","[1, 0]",,,,,,
mbpo_pushcube_500k_20261007T094728_f9d45348,PushCube-v1,mbpo,fit_start_restored,116000,57,"[True, False, False]","[-0.7390032888650894, -0.7884794545173645, -0.5702155323028565]","[-0.376181449919939, -0.3915717961192131, -0.39292670498788357]","[2, 1]",,,,,,
mbpo_pushcube_500k_20261007T094728_f9d45348,PushCube-v1,mbpo,fit_start_restored,118016,58,"[True, False, False]","[-0.7439280069470405, -0.7945710698962212, -0.8069707212448121]","[-0.8709243669509887, -0.8845009136199952, -0.9449872512817383]","[2, 1]",,,,,,
mbpo_pushcube_500k_20261007T094728_f9d45348,PushCube-v1,mbpo,fit_start_restored,120000,59,"[True, False, True]","[-0.7074550874233246, -0.7848670949935913, -0.4989863220453262]","[-0.8509635868072509, -0.7834232535362243, -0.8107636365890503]","[0, 2]",,,,,,
mbpo_pushcube_500k_20261007T094728_f9d45348,PushCube-v1,mbpo,fit_start_restored,122016,60,"[True, False, False]","[-0.769070611000061, -0.855970184803009, -0.8202196776866912]","[-0.6889946060180664, -0.7589234895706177, -0.6511599607467652]","[1, 0]",,,,,,
mbpo_pushcube_500k_20261007T094728_f9d45348,PushCube-v1,mbpo,fit_start_restored,124000,61,"[True, True, False]","[-0.760024950504303, -0.8337171807289123, -0.7766753134727478]","[-0.6991302671432496, -0.6770092010498047, -0.5471076240539551]","[0, 1]",,,,,,
mbpo_pushcube_500k_20261007T094728_f9d45348,PushCube-v1,mbpo,fit_start_restored,126016,62,"[True, False, False]","[-0.7191472161412239, -0.8343012912273406, -0.7927102029919625]","[-0.8029247653484345, -0.869439742565155, -0.8203516898155212]","[1, 2]",,,,,,
mbpo_pushcube_500k_20261007T094728_f9d45348,PushCube-v1,mbpo,fit_start_restored,128000,63,"[True, False, False]","[-0.5349171625524759, -0.6038497359752655, -0.6594460524916649]","[-0.6691614909172058, -0.6749069762229919, -0.6861023592948914]","[2, 1]",,,,,,
mbpo_pushcube_500k_20261007T094728_f9d45348,PushCube-v1,mbpo,fit_start_restored,130016,64,"[False, True, False]","[-0.7558736579418183, -0.7639863777607679, -0.7994340636730194]","[-0.47266810035705564, -0.5436602926254273, -0.5120703430175781]","[1, 2]",,,,,,
mbpo_pushcube_500k_20261007T094728_f9d45348,PushCube-v1,mbpo,fit_start_restored,132000,65,"[True, False, True]","[-0.43843369710445407, -0.8141264375448227, -0.7494399650096893]","[-0.8255116786956788, -0.8459277801513672, -0.8501937503814697]","[2, 1]",,,,,,
mbpo_pushcube_500k_20261007T094728_f9d45348,PushCube-v1,mbpo,fit_start_restored,134016,66,"[True, False, False]","[-0.7742123675346374, -0.9076922492980957, -0.9093359251022339]","[-0.9043557405471802, -1.0022193665504455, -0.9537705698013306]","[1, 2]",,,,,,
mbpo_pushcube_500k_20261007T094728_f9d45348,PushCube-v1,mbpo,fit_start_restored,136000,67,"[False, False, True]","[-0.8983327584266663, -0.9329679232835769, -0.6094632835388184]","[-0.9645162563323975, -1.0097701473236085, -1.010968048095703]","[2, 1]",,,,,,
mbpo_pushcube_500k_20261007T094728_f9d45348,PushCube-v1,mbpo,generation_reward_extreme,138016,68,,,,"[1, 2]",-1.2309998273849487,1.189435601234436,-1.2905678749084473,1.0857653617858887,,not_observed
mbpo_pushcube_500k_20261007T094728_f9d45348,PushCube-v1,mbpo,fit_start_restored,138016,68,"[False, False, True]","[-0.8863618996143341, -0.9699073015451432, -0.8841802751421929]","[-0.7375206542015076, -0.8297311480045318, -0.7696720743179322]","[1, 2]",,,,,,
mbpo_pushcube_500k_20261007T094728_f9d45348,PushCube-v1,mbpo,fit_start_restored,140000,69,"[False, True, False]","[-0.8302354609072209, -0.8785600385665894, -0.7580730745196342]","[-0.8230442719459534, -0.898755693435669, -0.8448215956687928]","[1, 2]",,,,,,
mbpo_pushcube_500k_20261007T094728_f9d45348,PushCube-v1,mbpo,fit_start_restored,142016,70,"[False, False, True]","[-0.9959231665879488, -1.0826225032806396, -0.8867370857000351]","[-0.6832267465591431, -0.759620701789856, -0.6946502714157105]","[1, 2]",,,,,,
mbpo_pushcube_500k_20261007T094728_f9d45348,PushCube-v1,mbpo,fit_start_restored,144000,71,"[True, True, True]","[-0.7439390411376953, -0.8652593932151794, -0.7948438715934754]","[-0.9451897764205932, -1.0226384201049805, -0.9505078086853027]","[1, 2]",,,,,,
mbpo_pushcube_500k_20261007T094728_f9d45348,PushCube-v1,mbpo,fit_start_restored,146016,72,"[False, False, True]","[-0.5058282134532929, -0.8080680162906647, -0.2478800542652607]","[-0.7617697029113769, -0.7967298307418823, -0.7727524752616882]","[1, 2]",,,,,,
mbpo_pushcube_500k_20261007T094728_f9d45348,PushCube-v1,mbpo,fit_start_restored,148000,73,"[True, False, True]","[-0.5049118485450744, -0.9621601462364197, -0.4592985665798187]","[-0.8196954823434353, -0.8784394207000732, -0.8320893607139588]","[1, 2]",,,,,,
mbpo_pushcube_500k_20261007T094728_f9d45348,PushCube-v1,mbpo,fit_start_restored,150016,74,"[False, False, True]","[-0.8064238409996033, -0.8488363301493227, -0.5488711713552475]","[-0.6520891281366348, -0.7634918258190155, -0.6528960272073746]","[1, 2]",,,,,,
mbpo_pushcube_500k_20261007T094728_f9d45348,PushCube-v1,mbpo,fit_start_restored,152000,75,"[False, True, True]","[-0.9207328740358353, -0.8986088505983353, -0.7854512478113175]","[-0.6441502475738525, -0.7324555549621582, -0.6519522409439087]","[1, 2]",,,,,,
mbpo_pushcube_500k_20261007T094728_f9d45348,PushCube-v1,mbpo,fit_start_restored,154016,76,"[True, False, True]","[-0.8323688488975167, -0.9526143193244934, -0.8151117641031742]","[-0.9687668704986572, -1.027602560043335, -0.9643342599868775]","[1, 0]",,,,,,
mbpo_pushcube_500k_20261007T094728_f9d45348,PushCube-v1,mbpo,fit_start_restored,156000,77,"[False, True, True]","[-0.8784181871414185, -0.9461047573089599, -0.8107389719486237]","[-1.0804163570404053, -1.121052237510681, -0.8775492563247681]","[1, 0]",,,,,,
mbpo_pushcube_500k_20261007T094728_f9d45348,PushCube-v1,mbpo,fit_start_restored,158016,78,"[True, False, False]","[-0.9160795783996583, -1.071001657485962, -0.9692201366424561]","[-0.8649784326553345, -0.8824678640365601, -0.9240265741348267]","[2, 1]",,,,,,
mbpo_pushcube_500k_20261007T094728_f9d45348,PushCube-v1,mbpo,fit_start_restored,162016,80,"[True, True, True]","[-0.7935559248477221, -0.8735936460494995, -0.5819469798207283]","[-0.8785734739303589, -0.9440387687683105, -0.9227828168869019]","[1, 2]",,,,,,
mbpo_pushcube_500k_20261007T094728_f9d45348,PushCube-v1,mbpo,generation_reward_extreme,164000,81,,,,"[1, 2]",-1.1150472164154053,1.1470602750778198,-1.24812650680542,1.0990352630615234,,not_observed
mbpo_pushcube_500k_20261007T094728_f9d45348,PushCube-v1,mbpo,fit_start_restored,164000,81,"[False, True, True]","[-0.8736949902661145, -0.988148579955101, -0.8162083398699761]","[-0.7574279470443726, -0.9774775619506836, -0.8331800203323364]","[1, 2]",,,,,,
mbpo_pushcube_500k_20261007T094728_f9d45348,PushCube-v1,mbpo,fit_start_restored,166016,82,"[False, True, True]","[-1.1234579191207885, 1.8393060842752456, -0.022885506629943847]","[-0.9788118786811829, -1.0526779398918151, -0.9584198722839355]","[1, 0]",,,,,,
mbpo_pushcube_500k_20261007T094728_f9d45348,PushCube-v1,mbpo,fit_start_restored,168000,83,"[False, True, False]","[-1.0145190550088883, -0.8853900032043457, -1.0372858362197876]","[-1.1756862630844116, -1.257923011779785, -1.1893856697082519]","[1, 2]",,,,,,
mbpo_pushcube_500k_20261007T094728_f9d45348,PushCube-v1,mbpo,fit_start_restored,170016,84,"[False, True, False]","[-0.9252838876247406, -0.9852134085595607, -0.9517318373918533]","[-1.151649498939514, -1.2564431819915771, -1.1495285377502442]","[1, 0]",,,,,,
mbpo_pushcube_500k_20261007T094728_f9d45348,PushCube-v1,mbpo,fit_start_restored,172000,85,"[True, True, True]","[-1.025301091194153, -1.1221340680122376, -1.0240396108627319]","[-1.0230168581008912, -1.0119432113170623, -0.5684268627166748]","[0, 1]",,,,,,
mbpo_pushcube_500k_20261007T094728_f9d45348,PushCube-v1,mbpo,fit_start_restored,174016,86,"[False, True, True]","[-1.1050228652954102, -1.174968385696411, -1.0842838172912597]","[-1.2977249565124511, -1.3800426359176636, -1.305659436225891]","[1, 2]",,,,,,
mbpo_pushcube_500k_20261007T094728_f9d45348,PushCube-v1,mbpo,fit_start_restored,176000,87,"[False, True, True]","[-1.0306179904937744, -1.0639951691627503, -0.9825293350219727]","[-1.207983636856079, -1.3059679307937622, -1.2148683471679687]","[1, 2]",,,,,,
mbpo_pushcube_500k_20261007T094728_f9d45348,PushCube-v1,mbpo,fit_start_restored,178016,88,"[True, True, False]","[-0.9713770446777343, -0.3986775679588318, -1.083125180721283]","[-0.9931096992492676, -1.0317494640350342, -0.9508128094673157]","[1, 0]",,,,,,
mbpo_pushcube_500k_20261007T094728_f9d45348,PushCube-v1,mbpo,fit_start_restored,180000,89,"[True, True, False]","[-0.9218712586164475, -1.0077488197088242, -0.9687605084180831]","[-1.0830552101135253, -1.1645312643051147, -1.0948727436065673]","[1, 2]",,,,,,
mbpo_pushcube_500k_20261007T094728_f9d45348,PushCube-v1,mbpo,generation_reward_extreme,186016,92,,,,"[1, 2]",-1.9074723720550537,1.2199045419692993,-1.8056524991989136,1.0908983945846558,,not_observed
mbpo_pushcube_500k_20261007T094728_f9d45348,PushCube-v1,mbpo,fit_start_restored,186016,92,"[True, True, False]","[-1.1206684531122446, -1.131162064552307, -1.1873394837379456]","[-1.1426984720230102, -1.197990900039673, -1.1613356714248657]","[1, 2]",,,,,,
mbpo_pushcube_500k_20261007T094728_f9d45348,PushCube-v1,mbpo,fit_start_restored,188000,93,"[False, False, True]","[-1.2431706075668334, -1.2590890293121337, -1.021642261505127]","[-1.2150279350280762, -1.2753748655319215, -1.2296538095474243]","[1, 2]",,,,,,
mbpo_pushcube_500k_20261007T094728_f9d45348,PushCube-v1,mbpo,generation_reward_extreme,190016,94,,,,"[1, 0]",-1.0652830600738525,1.1983565092086792,-1.0142608880996704,1.0983332395553589,,not_observed
mbpo_pushcube_500k_20261007T094728_f9d45348,PushCube-v1,mbpo,fit_start_restored,192000,95,"[True, True, True]","[-1.1600019354224205, -1.2316689965724945, -1.1794004793167114]","[-1.1437127170562744, -1.1402389602661134, 1.305192003250122]","[0, 1]",,,,,,
mbpo_pushcube_500k_20261007T094728_f9d45348,PushCube-v1,mbpo,fit_start_restored,194016,96,"[True, False, True]","[-1.191922221660614, -1.2818037176132202, -1.2195917041301727]","[-1.3481164598464965, -1.4208128700256348, -1.3716651992797853]","[1, 2]",,,,,,
mbpo_pushcube_500k_20261007T094728_f9d45348,PushCube-v1,mbpo,fit_start_restored,196000,97,"[True, False, False]","[-1.0428018798828125, -1.1221920375823975, -1.151554144859314]","[-1.2734249858856201, -1.3002133665084838, -1.2596749782562255]","[1, 0]",,,,,,
mbpo_pushcube_500k_20261007T094728_f9d45348,PushCube-v1,mbpo,fit_start_restored,198016,98,"[True, False, True]","[-0.9160002183914184, -1.3816592445373534, -1.0362386426925658]","[-1.1068286542892456, -1.2030725479125977, -1.1045773935317993]","[1, 0]",,,,,,
mbpo_pushcube_500k_20261007T094728_f9d45348,PushCube-v1,mbpo,fit_start_restored,200000,99,"[True, True, False]","[-0.8373239402770996, -1.0084569911956787, -0.8946654033660889]","[-1.4546322622299195, -1.5420813369750976, -1.424645071029663]","[1, 0]",,,,,,
mbpo_pushcube_500k_20261007T094728_f9d45348,PushCube-v1,mbpo,fit_start_restored,202016,100,"[True, False, False]","[-1.1762769569158553, -1.3225673587322235, -1.2278635069727897]","[-1.2698984327316285, -1.4063767948150634, -1.324605341911316]","[1, 2]",,,,,,
mbpo_pushcube_500k_20261007T094728_f9d45348,PushCube-v1,mbpo,fit_start_restored,206016,102,"[True, True, False]","[-1.083866158246994, -1.333780605316162, -1.1586342997550965]","[-1.0910450439453125, -1.1932968187332154, -0.7733347272872925]","[1, 0]",,,,,,
mbpo_pushcube_500k_20261007T094728_f9d45348,PushCube-v1,mbpo,fit_start_restored,208000,103,"[True, False, False]","[-1.282860333442688, -1.4101475009918212, -1.3569996881484985]","[-1.245556336402893, -1.3718709001541138, -1.2926590023040772]","[1, 2]",,,,,,
mbpo_pushcube_500k_20261007T094728_f9d45348,PushCube-v1,mbpo,fit_start_restored,210016,104,"[True, True, False]","[-1.2911099548339844, -1.1455290822982789, -1.3854343338012696]","[-1.4264341220855712, -1.5732333421707154, -1.4921835823059082]","[1, 2]",,,,,,
mbpo_pushcube_500k_20261007T094728_f9d45348,PushCube-v1,mbpo,fit_start_restored,212000,105,"[False, True, False]","[-1.3450556025505065, -1.4126097135543823, -1.360169158935547]","[-1.3201971864700317, -1.4252988986968995, -1.3592348833084107]","[1, 2]",,,,,,
mbpo_pushcube_500k_20261007T094728_f9d45348,PushCube-v1,mbpo,fit_start_restored,220000,109,"[True, False, False]","[-1.3345986614227294, -1.4459602489471435, -1.3856633777618408]","[-1.468452844619751, -1.461197301864624, -1.502305238723755]","[2, 0]",,,,,,
mbpo_pushcube_500k_20261007T094728_f9d45348,PushCube-v1,mbpo,fit_start_restored,222016,110,"[True, True, False]","[-1.189779757499695, -1.2953662476539611, -1.2775738209486007]","[-1.581772686958313, -1.661661994934082, -1.634172266960144]","[1, 2]",,,,,,
mbpo_pushcube_500k_20261007T094728_f9d45348,PushCube-v1,mbpo,fit_start_restored,224000,111,"[True, True, True]","[-1.3408344593048096, -1.4332962760925292, -1.3799668130874634]","[-1.443772572517395, -1.43748233127594, -1.5294295473098756]","[2, 0]",,,,,,
mbpo_pushcube_500k_20261007T094728_f9d45348,PushCube-v1,mbpo,fit_start_restored,226016,112,"[True, True, False]","[-0.876179295539856, -1.323071223258972, -1.4020992259979248]","[-1.2972576169967651, -1.290426637172699, -1.3493028211593627]","[2, 0]",,,,,,
mbpo_pushcube_500k_20261007T094728_f9d45348,PushCube-v1,mbpo,fit_start_restored,228000,113,"[True, False, True]","[-1.155025064945221, -1.4138798849582672, -1.3798338668346406]","[-1.3812840156555175, -1.4709575481414794, -1.437660662651062]","[1, 2]",,,,,,
mbpo_pushcube_500k_20261007T094728_f9d45348,PushCube-v1,mbpo,fit_start_restored,230016,114,"[True, False, True]","[-1.3410243129730224, -1.4349585342407227, -1.3783480587005614]","[-1.4844942779541015, -1.5502357568740845, -1.5360619850158692]","[1, 2]",,,,,,
mbpo_pushcube_500k_20261007T094728_f9d45348,PushCube-v1,mbpo,fit_start_restored,232000,115,"[False, False, True]","[-1.3342099828720093, -1.4147712287902832, -1.3545723867416382]","[-1.3276049003601074, -1.4279807319641113, -1.4189055633544922]","[1, 2]",,,,,,
mbpo_pushcube_500k_20261007T094728_f9d45348,PushCube-v1,mbpo,fit_start_restored,236000,117,"[True, True, True]","[-1.3569495739936828, -1.4704414884448052, -1.415295825302601]","[-1.4503441801071166, -1.5442265071868897, -1.4864793910980225]","[1, 2]",,,,,,
mbpo_pushcube_500k_20261007T094728_f9d45348,PushCube-v1,mbpo,fit_start_restored,238016,118,"[True, False, False]","[-1.2950849504470825, -1.43166855686903, -1.3900115147829055]","[-1.3656211137771606, -1.4531485748291015, -1.4096779766082763]","[1, 2]",,,,,,
mbpo_pushcube_500k_20261007T094728_f9d45348,PushCube-v1,mbpo,fit_start_restored,240000,119,"[True, True, False]","[-1.1828766276240348, -1.1499052431583405, -1.296026827812195]","[-1.3703843669891358, -1.4523901052474975, -1.428873285293579]","[1, 2]",,,,,,
mbpo_pushcube_500k_20261007T094728_f9d45348,PushCube-v1,mbpo,fit_start_restored,242016,120,"[True, True, True]","[0.854208257675171, 2.7317733249664307, -0.7934190969467163]","[-1.4691845178604126, -1.6088397073745728, -1.5559425230026245]","[1, 2]",,,,,,
mbpo_pushcube_500k_20261007T094728_f9d45348,PushCube-v1,mbpo,fit_start_restored,246016,122,"[True, False, True]","[-1.3545855960845947, -1.4745735960006714, -1.461878791809082]","[-1.1826995868682861, -1.3275244064331055, -1.298154722213745]","[1, 2]",,,,,,
mbpo_pushcube_500k_20261007T094728_f9d45348,PushCube-v1,mbpo,fit_start_restored,250016,124,"[True, True, False]","[-1.5977675819396973, -1.6779688625335694, -1.6597758264541627]","[-1.6024927406311036, -1.7646614665985108, -1.7490925273895264]","[1, 2]",,,,,,
mbpo_pushcube_500k_20261007T094728_f9d45348,PushCube-v1,mbpo,fit_start_restored,252000,125,"[True, True, True]","[-1.5955169038772583, -1.6554651565551757, -1.6169746341705322]","[-1.5817822380065918, -1.6744285554885865, -1.6295239334106446]","[1, 2]",,,,,,
mbpo_pushcube_500k_20261007T094728_f9d45348,PushCube-v1,mbpo,generation_reward_extreme,254016,126,,,,"[1, 2]",-1.1340751647949219,1.210145354270935,-1.1176866292953491,1.1160898208618164,,not_observed
mbpo_pushcube_500k_20261007T094728_f9d45348,PushCube-v1,mbpo,fit_start_restored,254016,126,"[True, False, True]","[-1.4661884117126465, -1.6323059844970702, -1.4831923618316651]","[-1.490208807706833, -1.6005293922424317, -1.561783407688141]","[1, 2]",,,,,,
mbpo_pushcube_500k_20261007T094728_f9d45348,PushCube-v1,mbpo,fit_start_restored,256000,127,"[True, True, False]","[-1.4022833337783813, -1.5215495357513427, -1.5115075378417968]","[-1.2586641082763672, -1.3621178379058838, -1.3200762786865234]","[1, 2]",,,,,,
mbpo_pushcube_500k_20261007T094728_f9d45348,PushCube-v1,mbpo,fit_start_restored,258016,128,"[True, True, True]","[-1.5764904022216797, -1.5113490800857543, -1.514464879989624]","[-1.5356892585754394, -1.6391475591659546, -1.5955765027999878]","[1, 2]",,,,,,
mbpo_pushcube_500k_20261007T094728_f9d45348,PushCube-v1,mbpo,fit_start_restored,260000,129,"[True, True, False]","[-1.5628314876556397, -1.663259714126587, -1.6101058197021485]","[-1.7809174032211303, -1.8682775840759278, -1.8452530908584595]","[1, 2]",,,,,,
mbpo_pushcube_500k_20261007T094728_f9d45348,PushCube-v1,mbpo,fit_start_restored,262016,130,"[True, True, True]","[-1.4899686908721923, -1.5850412006378174, -1.4640193675756454]","[-1.6137397594451903, -1.7254211730957032, -1.6553823537826537]","[1, 2]",,,,,,
mbpo_pushcube_500k_20261007T094728_f9d45348,PushCube-v1,mbpo,fit_start_restored,264000,131,"[True, False, False]","[-1.5394411754608155, -1.5411860466003418, -1.5568329010009765]","[-0.29424080467224123, 61.83536479282379, 9.365572384834289]","[0, 2]",,,,,,
mbpo_pushcube_500k_20261007T094728_f9d45348,PushCube-v1,mbpo,fit_start_restored,266016,132,"[True, False, False]","[-1.4305355796813966, -1.623101170063019, -1.602211135864258]","[-1.5341997699737548, -1.6635777950286865, -1.5877162828445435]","[1, 2]",,,,,,
mbpo_pushcube_500k_20261007T094728_f9d45348,PushCube-v1,mbpo,fit_start_restored,268000,133,"[True, False, False]","[4.33869634437561, -1.527096939086914, -1.5518514041900635]","[-1.4199895524978638, -1.452699104309082, -1.477189022064209]","[2, 1]",,,,,,
mbpo_pushcube_500k_20261007T094728_f9d45348,PushCube-v1,mbpo,fit_start_restored,270016,134,"[True, False, False]","[-1.4211913471221924, -1.8230265769958496, -1.7299804229736329]","[-1.2913082370758056, -1.3846137866973878, -1.3341417493820191]","[1, 2]",,,,,,
mbpo_pushcube_500k_20261007T094728_f9d45348,PushCube-v1,mbpo,fit_start_restored,272000,135,"[True, False, False]","[-1.4755935649871825, -1.7045802040100098, -1.6665049629211426]","[-1.6062205572128296, -1.7046599140167236, -1.6451582288742066]","[1, 2]",,,,,,
mbpo_pushcube_500k_20261007T094728_f9d45348,PushCube-v1,mbpo,fit_start_restored,274016,136,"[True, False, False]","[-1.4062303962707519, -1.686096661567688, -1.6449762363433837]","[-1.1818803844451904, -1.3711508588790893, -1.2927104921340942]","[1, 2]",,,,,,
mbpo_pushcube_500k_20261007T094728_f9d45348,PushCube-v1,mbpo,fit_start_restored,276000,137,"[True, True, False]","[-1.499070261001587, -1.731456621170044, -1.7475962343215943]","[-1.5660665664672853, -1.753605770111084, -1.7171813888549805]","[1, 2]",,,,,,
mbpo_pushcube_500k_20261007T094728_f9d45348,PushCube-v1,mbpo,fit_start_restored,278016,138,"[True, True, True]","[-1.4224398803710938, -1.3361080627441406, -1.224684741973877]","[-1.6644792575836183, -1.920647361755371, -1.8884883937835693]","[1, 2]",,,,,,
mbpo_pushcube_500k_20261007T094728_f9d45348,PushCube-v1,mbpo,fit_start_restored,280000,139,"[True, True, True]","[-1.5252095732688904, -1.4129599742889405, -1.317136339187622]","[-1.5001184024810792, -1.6009680242538453, -1.5775106830596923]","[1, 2]",,,,,,
mbpo_pushcube_500k_20261007T094728_f9d45348,PushCube-v1,mbpo,fit_start_restored,282016,140,"[False, True, True]","[-1.5483178205490111, -1.65856782913208, -1.578517900466919]","[-1.501437216758728, -1.752275499343872, -1.7175912256240844]","[1, 2]",,,,,,
mbpo_pushcube_500k_20261007T094728_f9d45348,PushCube-v1,mbpo,fit_start_restored,286016,142,"[True, False, False]","[-1.6397623299360276, -1.8349004850387574, -1.8030666599273681]","[-1.6674792308807374, -1.8238612213134766, -1.7840483293533325]","[1, 2]",,,,,,
mbpo_pushcube_500k_20261007T094728_f9d45348,PushCube-v1,mbpo,fit_start_restored,288000,143,"[True, True, True]","[-1.5575165798664092, -1.7841201877593995, -1.7410410175323485]","[-1.6823783435821533, -1.8323140907287598, -1.779679244995117]","[1, 2]",,,,,,
mbpo_pushcube_500k_20261007T094728_f9d45348,PushCube-v1,mbpo,fit_start_restored,290016,144,"[False, True, True]","[-1.5916347427368165, -1.6093664627075195, -1.570004835128784]","[-1.516900936126709, -1.6899966917037963, -1.6505286421775818]","[1, 2]",,,,,,
mbpo_pushcube_500k_20261007T094728_f9d45348,PushCube-v1,mbpo,generation_reward_extreme,292000,145,,,,"[1, 2]",-1.0823794603347778,1.219846248626709,-0.9520002603530884,1.1110788583755493,,not_observed
mbpo_pushcube_500k_20261007T094728_f9d45348,PushCube-v1,mbpo,fit_start_restored,292000,145,"[False, True, True]","[-1.7796936187744141, -1.843935359954834, -1.729180814743042]","[-1.5298900299072267, -1.6367936630249023, -1.635695894241333]","[1, 2]",,,,,,
mbpo_pushcube_500k_20261007T094728_f9d45348,PushCube-v1,mbpo,fit_start_restored,294016,146,"[False, True, False]","[-1.5852529945373535, -1.6331886596679688, -1.6325796508789063]","[-1.679087579727173, -1.7879724712371827, -1.7149351358413696]","[1, 2]",,,,,,
mbpo_pushcube_500k_20261007T094728_f9d45348,PushCube-v1,mbpo,fit_start_restored,296000,147,"[False, True, False]","[-1.652957830429077, -1.706426694869995, -1.6988329391479493]","[-1.785458194732666, -1.9145225887298585, -1.8413452682495117]","[1, 2]",,,,,,
mbpo_pushcube_500k_20261007T094728_f9d45348,PushCube-v1,mbpo,fit_start_restored,300000,149,"[True, True, True]","[-1.677758855819702, -1.785407205581665, -1.7410176706314087]","[-1.402623116493225, -1.5002743682861328, -1.4810168647766113]","[1, 2]",,,,,,
mbpo_pushcube_500k_20261007T094728_f9d45348,PushCube-v1,mbpo,generation_reward_extreme,302016,150,,,,"[1, 2]",-1.24802827835083,1.2026304006576538,-1.1746760606765747,1.1219377517700195,,not_observed
mbpo_pushcube_500k_20261007T094728_f9d45348,PushCube-v1,mbpo,fit_start_restored,302016,150,"[True, True, True]","[-1.4981280832290649, -1.6016417165398598, -1.5676514139175415]","[-1.8552892265319825, -1.9852718181610107, -1.963822317123413]","[1, 2]",,,,,,
mbpo_pushcube_500k_20261007T094728_f9d45348,PushCube-v1,mbpo,fit_start_restored,304000,151,"[False, True, True]","[-1.6902844200134277, -1.7643730421066284, -1.7077778911590575]","[-1.824597949028015, -1.958479742050171, -1.915339855194092]","[1, 2]",,,,,,
mbpo_pushcube_500k_20261007T094728_f9d45348,PushCube-v1,mbpo,fit_start_restored,308000,153,"[False, True, True]","[-1.8101863794326782, -1.7290273723602294, -1.8302229223251343]","[-1.6724212646484375, -1.7728805561065675, -1.7194220042228698]","[1, 2]",,,,,,
mbpo_pushcube_500k_20261007T094728_f9d45348,PushCube-v1,mbpo,fit_start_restored,312000,155,"[True, True, True]","[-1.7646724109649659, -1.8485243015289308, -1.8293967952728272]","[-1.7058017234802245, -1.7999771614074707, -1.7742039661407472]","[1, 2]",,,,,,
mbpo_pushcube_500k_20261007T094728_f9d45348,PushCube-v1,mbpo,fit_start_restored,314016,156,"[True, False, False]","[-1.6941415824890136, -1.8327279357910156, -1.797375295639038]","[-1.8478319835662842, -1.9422779712677003, -1.9125620861053467]","[1, 2]",,,,,,
mbpo_pushcube_500k_20261007T094728_f9d45348,PushCube-v1,mbpo,fit_start_restored,316000,157,"[True, True, False]","[-0.5883994779586792, -1.6482510089874267, -1.8199338207244873]","[-1.7383479585647583, -1.8534674253463745, -1.8317656717300415]","[1, 2]",,,,,,
mbpo_pushcube_500k_20261007T094728_f9d45348,PushCube-v1,mbpo,fit_start_restored,318016,158,"[True, True, True]","[-1.878601354598999, -1.973442548751831, -1.9483789005279541]","[-1.8822772235870362, -1.9850645542144776, -1.9246193056106566]","[1, 2]",,,,,,
mbpo_pushcube_500k_20261007T094728_f9d45348,PushCube-v1,mbpo,fit_start_restored,320000,159,"[False, True, False]","[-1.8521759469509125, -1.8946471464633943, -1.9256066877841949]","[-1.7834717116355896, -1.9032742576599122, -1.86069083070755]","[1, 2]",,,,,,
mbpo_pushcube_500k_20261007T094728_f9d45348,PushCube-v1,mbpo,fit_start_restored,324000,161,"[False, True, True]","[-1.8437021617889404, -1.8933883304595946, -1.8436394023895264]","[-1.7912062015533448, -1.854273853302002, -1.8515991325378418]","[1, 2]",,,,,,
mbpo_pushcube_500k_20261007T094728_f9d45348,PushCube-v1,mbpo,fit_start_restored,326016,162,"[True, False, False]","[-1.77267063331604, -1.861964797973633, -1.8660293254852296]","[-1.8872409086227417, -1.9884928703308105, -1.9627768840789794]","[1, 2]",,,,,,
mbpo_pushcube_500k_20261007T094728_f9d45348,PushCube-v1,mbpo,fit_start_restored,328000,163,"[True, False, True]","[-1.8299393768310548, -1.9578662090301513, -1.8898558654785156]","[-1.7621464080810547, -1.86586847114563, -1.8476756496429443]","[1, 2]",,,,,,
mbpo_pushcube_500k_20261007T094728_f9d45348,PushCube-v1,mbpo,generation_reward_extreme,330016,164,,,,"[1, 2]",-1.318628191947937,1.221986174583435,-1.3075183629989624,1.1055985689163208,,not_observed
mbpo_pushcube_500k_20261007T094728_f9d45348,PushCube-v1,mbpo,fit_start_restored,330016,164,"[True, False, True]","[-1.4665104866027832, -1.751424238204956, -1.6780382499694824]","[-1.8210566291809083, -1.890948501586914, -1.8764252414703368]","[1, 2]",,,,,,
mbpo_pushcube_500k_20261007T094728_f9d45348,PushCube-v1,mbpo,fit_start_restored,332000,165,"[True, False, True]","[-1.6948015656471251, -1.9045289487838746, -1.7165770874023438]","[-1.7736410236358642, -1.916796612739563, -1.8531322031021118]","[1, 2]",,,,,,
mbpo_pushcube_500k_20261007T094728_f9d45348,PushCube-v1,mbpo,fit_start_restored,334016,166,"[True, False, True]","[-1.7300210990905762, -1.9214677982330322, -1.857105682373047]","[-1.8308516244888307, -1.8990008678436279, -1.87826632976532]","[1, 2]",,,,,,
mbpo_pushcube_500k_20261007T094728_f9d45348,PushCube-v1,mbpo,fit_start_restored,336000,167,"[True, False, True]","[-1.1997804884910583, -1.8022527465820313, -1.376946900844574]","[-1.8625286865234374, -1.9267887706756592, -1.8937436561584473]","[1, 2]",,,,,,
mbpo_pushcube_500k_20261007T094728_f9d45348,PushCube-v1,mbpo,fit_start_restored,338016,168,"[True, True, True]","[-1.7097405471801759, -1.7824592905044556, -1.7477807321548462]","[-1.97330375289917, -2.059858585357666, -2.0322242279052736]","[1, 2]",,,,,,
mbpo_pushcube_500k_20261007T094728_f9d45348,PushCube-v1,mbpo,fit_start_restored,340000,169,"[True, False, True]","[-1.7954946146011352, -1.975546012878418, -1.8787796926498412]","[-1.699598889350891, -1.8903212852478026, -1.791308590888977]","[1, 2]",,,,,,
mbpo_pushcube_500k_20261007T094728_f9d45348,PushCube-v1,mbpo,fit_start_restored,342016,170,"[True, False, False]","[-1.9159899110794067, -2.0017323105335234, -2.012065739631653]","[-1.5617837944030761, -1.5901809434890748, -1.531566499710083]","[1, 0]",,,,,,
mbpo_pushcube_500k_20261007T094728_f9d45348,PushCube-v1,mbpo,fit_start_restored,344000,171,"[False, True, True]","[-1.3873741455078126, -1.6996007108688354, -0.7892746391296387]","[-1.6493534536361694, -1.7120106897354126, -1.5906641306877136]","[1, 0]",,,,,,
mbpo_pushcube_500k_20261007T094728_f9d45348,PushCube-v1,mbpo,fit_start_restored,346016,172,"[True, False, False]","[-1.0737742567062378, -1.9327994995117188, -1.8892388286590576]","[-1.619128053665161, -1.730822120666504, -1.710816590309143]","[1, 2]",,,,,,
mbpo_pushcube_500k_20261007T094728_f9d45348,PushCube-v1,mbpo,fit_start_restored,348000,173,"[True, False, False]","[-1.830285750389099, -1.9569717979431152, -1.9237682523727417]","[-1.8208374824523925, -1.9046440505981446, -1.7779951400756835]","[1, 0]",,,,,,
mbpo_pushcube_500k_20261007T094728_f9d45348,PushCube-v1,mbpo,fit_start_restored,350016,174,"[False, False, True]","[-1.9673332042694092, -2.038543571472168, -1.9691015491485595]","[-1.911672691345215, -1.9785444774627685, -1.9258825302124023]","[1, 2]",,,,,,
mbpo_pushcube_500k_20261007T094728_f9d45348,PushCube-v1,mbpo,fit_start_restored,352000,175,"[True, True, True]","[-1.6594569835662842, -1.8547817687988282, -1.732272804260254]","[-1.8803942546844483, -2.0269966144561766, -2.003879209518433]","[1, 2]",,,,,,
mbpo_pushcube_500k_20261007T094728_f9d45348,PushCube-v1,mbpo,fit_start_restored,354016,176,"[True, False, False]","[-1.7856704216003418, -2.0063382930755616, -1.9824152851104737]","[-1.7104130153656005, -1.8054097728729248, -1.8073478469848632]","[2, 1]",,,,,,
mbpo_pushcube_500k_20261007T094728_f9d45348,PushCube-v1,mbpo,fit_start_restored,356000,177,"[False, True, False]","[-1.7689465417861938, -1.6503723554611207, -1.5462798957824706]","[-1.831476110458374, -1.9810286750793458, -1.959469020843506]","[1, 2]",,,,,,
mbpo_pushcube_500k_20261007T094728_f9d45348,PushCube-v1,mbpo,fit_start_restored,358016,178,"[True, False, True]","[-1.8791639394760131, -2.0214164514541624, -1.485984528541565]","[-1.7685541248321532, -1.7615883350372314, -1.8211888484954835]","[2, 0]",,,,,,
mbpo_pushcube_500k_20261007T094728_f9d45348,PushCube-v1,mbpo,generation_reward_extreme,360000,179,,,,"[1, 2]",-1.1685689687728882,1.3350542783737183,-1.1708589792251587,1.1070860624313354,,not_observed
mbpo_pushcube_500k_20261007T094728_f9d45348,PushCube-v1,mbpo,fit_start_restored,360000,179,"[False, False, True]","[-1.9747148170471192, -2.1275202922821044, -2.0372117195129396]","[-1.8302477264404298, -1.9373416957855225, -1.9105448484420777]","[1, 2]",,,,,,
mbpo_pushcube_500k_20261007T094728_f9d45348,PushCube-v1,mbpo,generation_reward_extreme,362016,180,,,,"[1, 2]",-1.1704641580581665,1.223552942276001,-1.0376412868499756,1.1250337362289429,,not_observed
mbpo_pushcube_500k_20261007T094728_f9d45348,PushCube-v1,mbpo,fit_start_restored,362016,180,"[False, False, True]","[-1.9109182386398316, -2.1022073650360107, -1.9518986139297485]","[-2.0658914432525637, -2.1891101398468016, -2.1321172828674317]","[1, 2]",,,,,,
mbpo_pushcube_500k_20261007T094728_f9d45348,PushCube-v1,mbpo,fit_start_restored,364000,181,"[False, False, True]","[-1.843630256652832, -1.9652274475097655, -1.8718728722333908]","[-1.9996704549789428, -2.0206021881103515, -1.9052954835891724]","[1, 0]",,,,,,
mbpo_pushcube_500k_20261007T094728_f9d45348,PushCube-v1,mbpo,fit_start_restored,366016,182,"[False, False, True]","[-1.8977822933197022, -2.026198522567749, -1.6599212579727174]","[-1.8120852518081665, -1.9082871913909911, -1.8732390680313111]","[1, 2]",,,,,,
mbpo_pushcube_500k_20261007T094728_f9d45348,PushCube-v1,mbpo,fit_start_restored,370016,184,"[False, True, True]","[-1.4536414127349853, -2.042939655303955, -1.938623342514038]","[-1.3117335166931152, -1.8986219882965087, -1.9165999660491944]","[2, 1]",,,,,,
mbpo_pushcube_500k_20261007T094728_f9d45348,PushCube-v1,mbpo,fit_start_restored,374016,186,"[False, True, True]","[-2.0948487663269044, -2.175997247695923, -2.1218512210845946]","[-2.0416741762161257, -2.133707950592041, -2.0982928152084352]","[1, 2]",,,,,,
mbpo_pushcube_500k_20261007T094728_f9d45348,PushCube-v1,mbpo,fit_start_restored,376000,187,"[True, True, False]","[-1.8325619792938233, -1.8560909445285798, -1.9190175018310547]","[-2.0126439456939695, -2.1148394355773927, -2.0702678604125975]","[1, 2]",,,,,,
mbpo_pushcube_500k_20261007T094728_f9d45348,PushCube-v1,mbpo,fit_start_restored,378016,188,"[True, True, False]","[-1.8904410400390625, -2.057000871658325, -1.9027758903503418]","[-1.7961929397583007, -1.8400217323303223, -1.8058346843719482]","[1, 2]",,,,,,
mbpo_pushcube_500k_20261007T094728_f9d45348,PushCube-v1,mbpo,fit_start_restored,382016,190,"[True, False, False]","[-1.8738199195861815, -2.0363819370269773, -1.9356010971069335]","[-1.6868276576995849, -1.8204815654754638, -1.6727075452804565]","[1, 0]",,,,,,
mbpo_pushcube_500k_20261007T094728_f9d45348,PushCube-v1,mbpo,fit_start_restored,384000,191,"[True, True, False]","[-1.4817949724197388, 5.041185020446777, -2.085965277671814]","[-2.0914386234283446, -2.2355189628601075, -2.166051031112671]","[1, 2]",,,,,,
mbpo_pushcube_500k_20261007T094728_f9d45348,PushCube-v1,mbpo,fit_start_restored,386016,192,"[True, True, True]","[-1.8068424377441406, -1.853037501335144, -2.0530349516868593]","[-1.7499854016304015, -1.9483660440444945, -1.9063255758285522]","[1, 2]",,,,,,
mbpo_pushcube_500k_20261007T094728_f9d45348,PushCube-v1,mbpo,fit_start_restored,388000,193,"[False, True, True]","[-2.0261524238586426, -2.100065111160278, -2.0726445598602297]","[-2.0868767948150633, -2.150984842300415, -2.104121802330017]","[1, 2]",,,,,,
mbpo_pushcube_500k_20261007T094728_f9d45348,PushCube-v1,mbpo,fit_start_restored,390016,194,"[True, True, True]","[-2.0151631832122803, -2.1481381587982176, -2.0997897491455078]","[-1.9621800994873047, -2.09510502243042, -2.015700984954834]","[1, 2]",,,,,,
mbpo_pushcube_500k_20261007T094728_f9d45348,PushCube-v1,mbpo,fit_start_restored,392000,195,"[True, True, False]","[-2.0209451484680176, -2.1190120391845704, -2.1218069667816164]","[-1.9301472549438476, -2.009965440750122, -1.9935432987213135]","[1, 2]",,,,,,
mbpo_pushcube_500k_20261007T094728_f9d45348,PushCube-v1,mbpo,generation_reward_extreme,394016,196,,,,"[1, 2]",-1.318854808807373,1.2282705307006836,-1.211434245109558,1.1018946170806885,,not_observed
mbpo_pushcube_500k_20261007T094728_f9d45348,PushCube-v1,mbpo,fit_start_restored,394016,196,"[False, False, True]","[-2.076242599487305, -2.1757398567199706, -1.6071638717651366]","[-1.5887380428314208, -1.6553619117736817, -1.6384483489990234]","[1, 2]",,,,,,
mbpo_pushcube_500k_20261007T094728_f9d45348,PushCube-v1,mbpo,fit_start_restored,396000,197,"[True, True, True]","[12.152352300643921, 4.11632829284668, -0.7401775722503662]","[-2.1253367824554443, -2.2242888565063477, -2.186750597000122]","[1, 2]",,,,,,
mbpo_pushcube_500k_20261007T094728_f9d45348,PushCube-v1,mbpo,fit_start_restored,400000,199,"[False, True, True]","[-1.9954893035888672, -2.034309009552002, -1.99702587890625]","[-2.187706784248352, -2.3041491947174073, -2.2371890630722047]","[1, 2]",,,,,,
mbpo_pushcube_500k_20261007T094728_f9d45348,PushCube-v1,mbpo,generation_reward_extreme,402016,200,,,,"[1, 2]",-1.3816921710968018,1.2413197755813599,-1.3229957818984985,1.0981636047363281,,not_observed
mbpo_pushcube_500k_20261007T094728_f9d45348,PushCube-v1,mbpo,fit_start_restored,402016,200,"[False, False, True]","[-1.9515115032196044, -1.9784417266845704, -2.003721717834473]","[-2.075242890357971, -2.1808989877700804, -2.1195169153213502]","[1, 2]",,,,,,
mbpo_pushcube_500k_20261007T094728_f9d45348,PushCube-v1,mbpo,fit_start_restored,404000,201,"[False, True, True]","[-1.9188660538196565, -1.8354528994560242, -1.9788210964202881]","[-2.0029160327911377, -2.1059446907043458, -2.0432516269683836]","[1, 2]",,,,,,
mbpo_pushcube_500k_20261007T094728_f9d45348,PushCube-v1,mbpo,fit_start_restored,406016,202,"[False, True, True]","[-2.0929367866516113, -2.0424863362312315, -2.069286653518677]","[-2.206341220855713, -2.253031705856323, -2.235211545944214]","[1, 2]",,,,,,
mbpo_pushcube_500k_20261007T094728_f9d45348,PushCube-v1,mbpo,generation_reward_extreme,408000,203,,,,"[1, 2]",-1.0134965181350708,1.2282142639160156,-1.0095021724700928,1.4100619554519653,,not_observed
mbpo_pushcube_500k_20261007T094728_f9d45348,PushCube-v1,mbpo,fit_start_restored,408000,203,"[True, True, True]","[-2.048730577468872, -2.0832478466033937, -2.0863776569366457]","[-1.9695661811828613, -2.053654712677002, -1.9888061542510986]","[1, 2]",,,,,,
mbpo_pushcube_500k_20261007T094728_f9d45348,PushCube-v1,mbpo,fit_start_restored,410016,204,"[True, True, True]","[-1.9550164458751678, -2.0267009525299073, -1.9865343627929688]","[-2.1350628089904786, -2.1844500732421874, -2.147791561126709]","[1, 2]",,,,,,
mbpo_pushcube_500k_20261007T094728_f9d45348,PushCube-v1,mbpo,generation_reward_extreme,412000,205,,,,"[1, 2]",-1.2652322053909302,1.2484643459320068,-1.238368034362793,1.0999040603637695,,not_observed
mbpo_pushcube_500k_20261007T094728_f9d45348,PushCube-v1,mbpo,fit_start_restored,412000,205,"[True, True, True]","[-1.9498152894973755, -1.955428671836853, -2.0095318894386294]","[-2.083481135368347, -2.16150471496582, -2.1061687965393068]","[1, 2]",,,,,,
mbpo_pushcube_500k_20261007T094728_f9d45348,PushCube-v1,mbpo,fit_start_restored,414016,206,"[True, False, True]","[-2.0396425800323486, -2.127330627441406, -2.0475783586502074]","[-1.9222982978820802, -1.9854109268188476, -1.947378002166748]","[1, 2]",,,,,,
mbpo_pushcube_500k_20261007T094728_f9d45348,PushCube-v1,mbpo,fit_start_restored,416000,207,"[True, True, True]","[-1.9824463939666748, -1.9328624591827392, -1.9895041275024414]","[-2.2354061431884764, -2.2950099411010743, -2.2649188385009764]","[1, 2]",,,,,,
mbpo_pushcube_500k_20261007T094728_f9d45348,PushCube-v1,mbpo,fit_start_restored,418016,208,"[True, True, True]","[-1.6579535350799561, 1.343285400390625, -1.9203463535308838]","[-2.020371212005615, -2.085825180053711, -2.043576360702515]","[1, 2]",,,,,,
mbpo_pushcube_500k_20261007T094728_f9d45348,PushCube-v1,mbpo,fit_start_restored,420000,209,"[False, True, True]","[-1.995847279548645, 17.913751770973207, -0.756721510887146]","[-2.0034462890625, -2.0482020835876464, -2.0669696025848387]","[2, 1]",,,,,,
mbpo_pushcube_500k_20261007T094728_f9d45348,PushCube-v1,mbpo,fit_start_restored,422016,210,"[True, True, True]","[-2.0384399127960204, -2.1949807319641113, -2.141350835800171]","[-1.6426946465075016, -1.0382466793060303, -1.8469115447998048]","[2, 0]",,,,,,
mbpo_pushcube_500k_20261007T094728_f9d45348,PushCube-v1,mbpo,fit_start_restored,424000,211,"[True, False, True]","[-2.074840518951416, -2.186119913101196, -2.1183349723815916]","[-1.8697127227783203, -1.9327353048324585, -1.9027570457458496]","[1, 2]",,,,,,
mbpo_pushcube_500k_20261007T094728_f9d45348,PushCube-v1,mbpo,fit_start_restored,426016,212,"[False, True, True]","[-2.1527184772491457, -2.1480862827301026, -2.1985696334838867]","[-1.9386116166114806, -2.0839397649765017, -2.0476325039863585]","[1, 2]",,,,,,
mbpo_pushcube_500k_20261007T094728_f9d45348,PushCube-v1,mbpo,generation_reward_extreme,428000,213,,,,"[1, 2]",-1.538024663925171,1.2829725742340088,-1.583553433418274,1.1041561365127563,,not_observed
mbpo_pushcube_500k_20261007T094728_f9d45348,PushCube-v1,mbpo,fit_start_restored,430016,214,"[True, True, True]","[-2.0175191478729246, -1.8309763832092285, -2.098400047302246]","[-2.097306038856506, -2.180172085762024, -2.1264516315460207]","[1, 2]",,,,,,
mbpo_pushcube_500k_20261007T094728_f9d45348,PushCube-v1,mbpo,fit_start_restored,432000,215,"[True, False, False]","[-2.0341481494903566, -2.1636638145446776, -2.098081813812256]","[-2.1350437145233156, -2.187163049697876, -2.1445789375305178]","[1, 2]",,,,,,
mbpo_pushcube_500k_20261007T094728_f9d45348,PushCube-v1,mbpo,generation_reward_extreme,434016,216,,,,"[1, 2]",-1.0945966243743896,1.2065922021865845,-1.0914814472198486,1.1213593482971191,,not_observed
mbpo_pushcube_500k_20261007T094728_f9d45348,PushCube-v1,mbpo,fit_start_restored,434016,216,"[True, True, True]","[-1.8717636547088623, -1.9646151037216186, -1.6805320825576782]","[-2.064552486419678, -2.130501916885376, -2.077070861816406]","[1, 2]",,,,,,
mbpo_pushcube_500k_20261007T094728_f9d45348,PushCube-v1,mbpo,generation_reward_extreme,436000,217,,,,"[1, 2]",-1.6059571504592896,1.290198564529419,-1.6509195566177368,1.1100765466690063,,not_observed
mbpo_pushcube_500k_20261007T094728_f9d45348,PushCube-v1,mbpo,fit_start_restored,436000,217,"[True, True, True]","[-2.0458349962234497, -2.1991013488769533, -1.9081881160736085]","[-2.242317729949951, -2.3277802734375, -2.2600362968444823]","[1, 2]",,,,,,
mbpo_pushcube_500k_20261007T094728_f9d45348,PushCube-v1,mbpo,fit_start_restored,438016,218,"[True, True, False]","[-2.004384600520134, -2.1927279376983644, -2.1690275592803956]","[-2.0941236057281496, -2.213346580505371, -2.1274042205810546]","[1, 2]",,,,,,
mbpo_pushcube_500k_20261007T094728_f9d45348,PushCube-v1,mbpo,fit_start_restored,440000,219,"[True, True, False]","[-2.004968490600586, -2.0340895195007325, -2.1495314922332764]","[-2.097194583892822, -2.2326142196655274, -2.1670638389587404]","[1, 2]",,,,,,
mbpo_pushcube_500k_20261007T094728_f9d45348,PushCube-v1,mbpo,generation_reward_extreme,442016,220,,,,"[1, 2]",-1.5430079698562622,1.253216028213501,-1.4983545541763306,1.1011852025985718,,not_observed
mbpo_pushcube_500k_20261007T094728_f9d45348,PushCube-v1,mbpo,fit_start_restored,442016,220,"[True, True, True]","[-1.8382176952362062, -1.946546808719635, -1.7377938809394837]","[-2.083995532989502, -2.2298617973327635, -2.107687822341919]","[1, 2]",,,,,,
mbpo_pushcube_500k_20261007T094728_f9d45348,PushCube-v1,mbpo,fit_start_restored,444000,221,"[False, True, False]","[-2.2072665681838988, -2.2500343980789186, -2.2533856592178343]","[-2.160883632659912, -2.272381031036377, -2.2209833984375]","[1, 2]",,,,,,
mbpo_pushcube_500k_20261007T094728_f9d45348,PushCube-v1,mbpo,fit_start_restored,446016,222,"[True, True, True]","[-2.1768012447357177, -2.2566401081085203, -2.2168904762268067]","[-2.1501009788513183, -2.329233112335205, -2.2799063682556153]","[1, 2]",,,,,,
mbpo_pushcube_500k_20261007T094728_f9d45348,PushCube-v1,mbpo,fit_start_restored,448000,223,"[False, True, False]","[-2.0643599338531495, -2.2181973242759705, -2.195538226604462]","[-2.0242623319625856, -2.1596840963363646, -2.095900131225586]","[1, 2]",,,,,,
mbpo_pushcube_500k_20261007T094728_f9d45348,PushCube-v1,mbpo,fit_start_restored,450016,224,"[True, True, False]","[-2.0507865982055664, -2.177213300704956, -2.1348595027923585]","[-2.133974500656128, -2.211124659538269, -2.1465534477233885]","[1, 2]",,,,,,
mbpo_pushcube_500k_20261007T094728_f9d45348,PushCube-v1,mbpo,fit_start_restored,452000,225,"[False, False, True]","[-2.1146810626983643, -2.2153007926940917, -1.847376356124878]","[-1.7196222620010375, -1.8413664627075195, -1.8283536920547485]","[1, 2]",,,,,,
mbpo_pushcube_500k_20261007T094728_f9d45348,PushCube-v1,mbpo,fit_start_restored,454016,226,"[False, False, True]","[-2.199287061691284, -2.3119236278533934, -2.179619409561157]","[-1.9875061798095703, -2.086139871120453, -1.9983048300743103]","[1, 2]",,,,,,
mbpo_pushcube_500k_20261007T094728_f9d45348,PushCube-v1,mbpo,fit_start_restored,456000,227,"[False, True, False]","[-2.229876848220825, -2.28771993637085, -2.2317698402404784]","[-2.1568969535827636, -2.2163418674468995, -2.155468565940857]","[1, 0]",,,,,,
mbpo_pushcube_500k_20261007T094728_f9d45348,PushCube-v1,mbpo,fit_start_restored,460000,229,"[False, True, False]","[-2.132425733566284, -2.2337728462219237, -2.221417718887329]","[-1.9656345863342286, -2.082049180984497, -2.0133037548065187]","[1, 2]",,,,,,
mbpo_pushcube_500k_20261007T094728_f9d45348,PushCube-v1,mbpo,fit_start_restored,464000,231,"[False, True, True]","[-2.085522487640381, -2.0843350558280944, -2.049862362384796]","[-2.140905695915222, -2.207345091819763, -2.1685032835006712]","[1, 2]",,,,,,
mbpo_pushcube_500k_20261007T094728_f9d45348,PushCube-v1,mbpo,fit_start_restored,466016,232,"[False, True, False]","[-2.2032350521087647, -2.250178699493408, -2.2426613445281984]","[-2.208169189453125, -2.2629408378601075, -2.222629638671875]","[1, 2]",,,,,,
mbpo_pushcube_500k_20261007T094728_f9d45348,PushCube-v1,mbpo,fit_start_restored,468000,233,"[True, False, False]","[-2.2574494686126707, -2.3296951885223387, -2.284291654586792]","[-2.129821132659912, -2.232177412033081, -2.1889877910614013]","[1, 2]",,,,,,
mbpo_pushcube_500k_20261007T094728_f9d45348,PushCube-v1,mbpo,generation_reward_extreme,470016,234,,,,"[1, 0]",-1.105626106262207,1.39064621925354,-1.105689525604248,1.4272081851959229,,not_observed
mbpo_pushcube_500k_20261007T094728_f9d45348,PushCube-v1,mbpo,fit_start_restored,470016,234,"[False, True, True]","[-2.042025587081909, -2.1252610969543455, -2.0748448524475096]","[-2.133056787490845, -2.1680046129226684, -2.1240839700698855]","[1, 0]",,,,,,
mbpo_pushcube_500k_20261007T094728_f9d45348,PushCube-v1,mbpo,fit_start_restored,472000,235,"[False, False, True]","[-1.1724184017181396, -2.0903891410827637, -2.031373317718506]","[-2.3602485961914064, -2.4268907985687256, -2.3672073974609376]","[1, 2]",,,,,,
mbpo_pushcube_500k_20261007T094728_f9d45348,PushCube-v1,mbpo,fit_start_restored,474016,236,"[True, False, True]","[-2.245973419189453, -2.3156123847961427, -2.2349379901885986]","[-1.694379358291626, -2.176274884223938, -2.1021303081512452]","[1, 2]",,,,,,
mbpo_pushcube_500k_20261007T094728_f9d45348,PushCube-v1,mbpo,fit_start_restored,478016,238,"[False, True, False]","[-2.275954183578491, -2.2845310859680175, -2.2926811771392823]","[-2.2380923290252683, -2.298821449279785, -2.2767145824432373]","[1, 2]",,,,,,
mbpo_pushcube_500k_20261007T094728_f9d45348,PushCube-v1,mbpo,fit_start_restored,480000,239,"[True, False, True]","[-2.170111555099487, -2.2770490932464598, -2.135120189666748]","[-2.1567762203216554, -2.2419027652740477, -2.2004903373718263]","[1, 2]",,,,,,
mbpo_pushcube_500k_20261007T094728_f9d45348,PushCube-v1,mbpo,fit_start_restored,482016,240,"[True, True, False]","[-2.3193236007690428, -2.377406267166138, -2.367055751800537]","[-2.2374535541534426, -2.329697590827942, -2.2751150283813475]","[1, 2]",,,,,,
mbpo_pushcube_500k_20261007T094728_f9d45348,PushCube-v1,mbpo,fit_start_restored,484000,241,"[True, True, True]","[-2.1245036060810087, -2.1731347923278808, -2.1408142144680022]","[-2.177395874977112, -2.210359136581421, -2.1982770681381227]","[1, 2]",,,,,,
mbpo_pushcube_500k_20261007T094728_f9d45348,PushCube-v1,mbpo,fit_start_restored,486016,242,"[True, False, False]","[-2.122375557899475, -2.2366900291442873, -2.2124954967498778]","[-2.373329122543335, -2.2767749328613283, -2.352246141433716]","[0, 2]",,,,,,
mbpo_pushcube_500k_20261007T094728_f9d45348,PushCube-v1,mbpo,fit_start_restored,488000,243,"[True, True, False]","[-2.0966381874084474, -2.030762353897095, -2.1099442796707155]","[-1.9446071634292603, -2.055623496055603, -2.005150866508484]","[1, 2]",,,,,,
mbpo_pushcube_500k_20261007T094728_f9d45348,PushCube-v1,mbpo,fit_start_restored,490016,244,"[True, True, False]","[-2.2786950492858886, -2.3464902095794677, -2.3410522480010987]","[-2.2451255435943605, -2.316206895828247, -2.2710384941101074]","[1, 2]",,,,,,
mbpo_pushcube_500k_20261007T094728_f9d45348,PushCube-v1,mbpo,fit_start_restored,492000,245,"[False, False, True]","[-2.393677488327026, -2.4682991199493407, -2.3666255893707278]","[-2.183268217086792, -2.2612251358032225, -2.2092096242904664]","[1, 2]",,,,,,
mbpo_pushcube_500k_20261007T094728_f9d45348,PushCube-v1,mbpo,fit_start_restored,494016,246,"[True, False, True]","[-2.0500160024166107, -2.2880893421173094, -2.164286025047302]","[-2.3684795780181886, -2.512365665435791, -2.4674026832580567]","[1, 2]",,,,,,
mbpo_pushcube_500k_20261007T094728_f9d45348,PushCube-v1,mbpo,generation_reward_extreme,496000,247,,,,"[1, 2]",-1.2802977561950684,1.2716439962387085,-1.2924457788467407,1.1306003332138062,,not_observed
mbpo_pushcube_500k_20261007T094728_f9d45348,PushCube-v1,mbpo,fit_start_restored,496000,247,"[False, False, True]","[-2.1745739879608155, -2.260858781814575, -2.1902562580108644]","[-1.940195080757141, -2.0263248710632324, -1.9996271839141846]","[1, 2]",,,,,,
mbpo_pushcube_500k_20261007T094728_f9d45348,PushCube-v1,mbpo,fit_start_restored,498016,248,"[False, True, True]","[-2.242744831085205, -2.115968999862671, -2.147689323425293]","[-2.3425531063079834, -2.4282467937469483, -2.402069511413574]","[1, 2]",,,,,,
mbpo_pushcube_500k_20261007T094728_f9d45348,PushCube-v1,mbpo,fit_start_restored,500000,249,"[True, True, False]","[-2.1943212337493896, -2.209452112197876, -2.2303131008148194]","[-2.1049872455596925, -1.8228324432373046, -2.145432762145996]","[2, 0]",,,,,,
